t,cadence,step_time_L,step_time_R,rel_step_len_L,rel_step_len_R,SI
30.157,0.000,,,,,
30.172,0.000,,,,,
30.219,0.000,,,,,
30.266,0.000,,,,,
30.313,0.000,,,,,
30.313,0.000,,,,,
30.360,0.000,,,,,
30.407,0.000,,,,,
30.454,0.000,,,,,
30.454,0.000,,,,,
30.500,0.000,,,,,
30.547,0.000,,,,,
30.563,0.000,,,,,
30.610,0.000,,,,,
30.657,0.000,,,,,
30.657,0.000,,,,,
30.719,0.000,,,,,
30.719,0.000,,,,,
30.766,0.000,,,,,
30.813,0.000,,,,,
30.860,0.000,,,,,
30.875,0.000,,,,,
30.922,0.000,,,,,
30.922,0.000,,,,,
30.969,0.000,,,,,
31.016,0.000,,,,,
31.063,0.000,,,,,
31.079,0.000,,,,,
31.110,0.000,,,,,
31.157,0.000,,,,,
31.204,0.000,,,,,
31.204,0.000,,,,,
31.250,0.000,,,,,
31.297,0.000,,,,,
31.297,0.000,,,,,
31.360,0.000,,,,,
31.360,0.000,,,,,
31.407,0.000,,,,,
31.454,0.000,,,,,
31.454,0.000,,,,,
31.500,0.000,,,,,
31.532,0.000,,,,,
31.579,0.000,,,,,
31.610,0.000,,,,,
31.657,0.000,,,,,
31.657,0.000,,,,,
31.704,0.000,,,,,
31.750,0.000,,,,,
31.750,0.000,,,,,
31.797,0.000,,,,,
31.813,0.000,,,,,
31.844,0.000,,,,,
31.891,0.000,,,,,
31.954,0.000,,,,,
31.954,0.000,,,,,
32.000,0.000,,,,,
32.047,0.000,,,,,
32.047,0.000,,,,,
32.094,0.000,,,,,
32.141,0.000,,,,,
32.141,0.000,,,,,
32.188,0.000,,,,,
32.250,0.000,,,,,
32.250,0.000,,,,,
32.297,0.000,,,,,
32.344,0.000,,,,,
32.391,0.000,,,,,
32.391,0.000,,,,,
32.438,0.000,,,,,
32.438,0.000,,,,,
32.485,0.000,,,,,
32.532,0.000,,,,,
32.547,0.000,,,,,
32.579,0.000,,,,,
32.641,0.000,,,,,
32.641,0.000,,,,,
32.688,0.000,,,,,
32.735,0.000,,,,,
32.735,0.000,,,,,
32.797,0.000,,,,,
32.844,0.000,,,,,
32.875,0.000,,,,,
32.922,0.000,,,,,
32.954,0.000,,,,,
32.969,0.000,,,,,
33.016,0.000,,,,,
33.047,0.000,,,,,
33.047,0.000,,,,,
33.094,0.000,,,,,
33.141,0.000,,,,,
33.188,0.000,,,,,
33.188,0.000,,,,,
33.235,0.000,,,,,
33.235,0.000,,,,,
33.282,0.000,,,,,
33.329,0.000,,,,,
33.375,0.000,,,,,
33.375,0.000,,,,,
33.422,0.000,,,,,
33.469,0.000,,,,,
33.485,0.000,,,,,
33.532,0.000,,,,,
33.579,0.000,,,,,
33.579,0.000,,,,,
33.641,0.000,,,,,
33.641,0.000,,,,,
33.719,0.000,,,,,
33.719,0.000,,,,,
33.782,0.000,,,,,
33.782,0.000,,,,,
33.829,0.000,,,,,
33.844,0.000,,,,,
33.891,0.000,,,,,
33.938,0.000,,,,,
33.985,0.000,,,,,
33.985,0.000,,,,,
34.047,0.000,,,,,
34.047,0.000,,,,,
34.094,0.000,,,,,
34.141,0.000,,,,,
34.157,0.000,,,,,
34.204,0.000,,,,,
34.250,0.000,,,,,
34.266,0.000,,,,,
34.313,0.000,,,,,
34.375,0.000,,,,,
34.422,0.000,,,,,
34.469,0.000,,,,,
34.469,0.000,,,,,
34.516,0.000,,,,,
34.547,0.000,,,,,
34.610,0.000,,,,,
34.641,0.000,,,,,
34.688,0.000,,,,,
34.735,0.000,,,,,
34.782,0.000,,,,,
34.782,0.000,,,,,
34.829,0.000,,,,,
34.875,0.000,,,,,
34.938,0.000,,,,,
34.938,0.000,,,,,
35.016,0.000,,,,,
35.032,0.000,,,,,
35.094,0.000,,,,,
35.094,0.000,,,,,
35.172,0.000,,,,,
35.172,0.000,,,,,
35.235,0.000,,,,,
35.250,0.000,,,,,
35.313,0.000,,,,,
35.375,0.000,,,,,
35.438,0.000,,,,,
35.438,0.000,,,,,
35.516,0.000,,,,,
35.516,0.000,,,,,
35.579,0.000,,,,,
35.579,0.000,,,,,
35.641,0.000,,,,,
35.641,0.000,,,,,
35.704,0.000,,,,,
35.766,0.000,,,,,
35.829,0.000,,,,,
35.875,0.000,,,,,
35.938,0.000,,,,,
35.954,0.000,,,,,
36.000,0.000,,,,,
36.016,0.000,,,,,
36.063,0.000,,,,,
36.063,0.000,,,,,
36.110,0.000,,,,,
36.157,0.000,,,,,
36.188,0.000,,,,,
36.235,0.000,,,,,
36.235,0.000,,,,,
36.297,0.000,,,,,
36.344,0.000,,,,,
36.344,0.000,,,,,
36.391,0.000,,,,,
36.391,0.000,,,,,
36.438,0.000,,,,,
36.485,0.000,,,,,
36.532,0.000,,,,,
36.532,0.000,,,,,
36.579,0.000,,,,,
36.625,0.000,,,,,
36.672,0.000,,,,,
36.688,0.000,,,,,
36.735,0.000,,,,,
36.766,0.000,,,,,
36.782,0.000,,,,,
36.829,0.000,,,,,
36.829,0.000,,,,,
36.875,0.000,,,,,
36.922,0.000,,,,,
36.969,0.000,,,,,
36.985,0.000,,,,,
37.032,0.000,,,,,
37.032,0.000,,,,,
37.094,0.000,,,,,
37.094,0.000,,,,,
37.157,0.000,,,,,
37.157,0.000,,,,,
37.204,0.000,,,,,
37.250,0.000,,,,,
37.266,0.000,,,,,
37.313,0.000,,,,,
37.360,0.000,,,,,
37.360,0.000,,,,,
37.407,0.000,,,,,
37.454,0.000,,,,,
37.454,0.000,,,,,
37.516,0.000,,,,,
37.547,0.000,,,,,
37.563,0.000,,,,,
37.610,0.000,,,,,
37.610,0.000,,,,,
37.657,0.000,,,,,
37.704,0.000,,,,,
37.704,0.000,,,,,
37.750,0.000,,,,,
37.797,0.000,,,,,
37.797,0.000,,,,,
37.829,0.000,,,,,
37.891,0.000,,,,,
37.891,0.000,,,,,
37.938,0.000,,,,,
37.985,0.000,,,,,
37.985,0.000,,,,,
38.032,0.000,,,,,
38.063,0.000,,,,,
38.110,0.000,,,,,
38.157,0.000,,,,,
38.204,0.000,,,,,
38.204,0.000,,,,,
38.250,0.000,,,,,
38.297,0.000,,,,,
38.297,0.000,,,,,
38.360,0.000,,,,,
38.391,0.000,,,,,
38.438,0.000,,,,,
38.454,0.000,,,,,
38.485,0.000,,,,,
38.532,0.000,,,,,
38.579,0.000,,,,,
38.579,0.000,,,,,
38.625,0.000,,,,,
38.672,0.000,,,,,
38.672,0.000,,,,,
38.719,0.000,,,,,
38.766,0.000,,,,,
38.813,0.000,,,,,
38.813,0.000,,,,,
38.860,0.000,,,,,
38.907,0.000,,,,,
38.969,0.000,,,,,
38.969,0.000,,,,,
39.016,0.000,,,,,
39.016,0.000,,,,,
39.079,0.000,,,,,
39.079,0.000,,,,,
39.125,0.000,,,,,
39.172,0.000,,,,,
39.172,0.000,,,,,
39.219,0.000,,,,,
39.266,0.000,,,,,
39.266,0.000,,,,,
39.313,0.000,,,,,
39.360,0.000,,,,,
39.407,0.000,,,,,
39.438,0.000,,,,,
39.454,0.000,,,,,
39.500,0.000,,,,,
39.500,0.000,,,,,
39.563,0.000,,,,,
39.563,0.000,,,,,
39.610,0.000,,,,,
39.657,0.000,,,,,
39.672,0.000,,,,,
39.719,0.000,,,,,
39.750,0.000,,,,,
39.797,0.000,,,,,
39.844,0.000,,,,,
39.844,0.000,,,,,
39.891,0.000,,,,,
39.922,0.000,,,,,
39.938,0.000,,,,,
39.985,0.000,,,,,
39.985,0.000,,,,,
40.032,0.000,,,,,
40.079,0.000,,,,,
40.125,0.000,,,,,
40.172,0.000,,,,,
40.172,0.000,,,,,
40.219,0.000,,,,,
40.266,0.000,,,,,
40.313,0.000,,,,,
40.313,0.000,,,,,
40.360,0.000,,,,,
40.360,0.000,,,,,
40.407,0.000,,,,,
40.469,0.000,,,,,
40.469,0.000,,,,,
40.516,0.000,,,,,
40.563,0.000,,,,,
40.610,0.000,,,,,
40.610,0.000,,,,,
40.657,0.000,,,,,
40.688,0.000,,,,,
40.735,0.000,,,,,
40.750,0.000,,,,,
40.782,0.000,,,,,
40.829,0.000,,,,,
40.875,0.000,,,,,
40.875,0.000,,,,,
40.922,0.000,,,,,
40.922,0.000,,,,,
40.985,0.000,,,,,
41.016,0.000,,,,,
41.079,0.000,,,,,
41.079,0.000,,,,,
41.125,0.000,,,,,
41.172,0.000,,,,,
41.172,0.000,,,,,
41.219,0.000,,,,,
41.266,0.000,,,,,
41.313,0.000,,,,,
41.313,0.000,,,,,
41.360,0.000,,,,,
41.407,0.000,,,,,
41.407,0.000,,,,,
41.469,0.000,,,,,
41.516,0.000,,,,,
41.547,0.000,,,,,
41.594,0.000,,,,,
41.594,0.000,,,,,
41.641,0.000,,,,,
41.688,0.000,,,,,
41.735,0.000,,,,,
41.750,0.000,,,,,
41.797,0.000,,,,,
41.844,0.000,,,,,
41.891,0.000,,,,,
41.891,0.000,,,,,
41.938,0.000,,,,,
41.954,0.000,,,,,
42.000,0.000,,,,,
42.000,0.000,,,,,
42.047,0.000,,,,,
42.094,0.000,,,,,
42.141,0.000,,,,,
42.188,0.000,,,,,
42.235,0.000,,,,,
42.282,0.000,,,,,
42.282,0.000,,,,,
42.329,0.000,,,,,
42.375,0.000,,,,,
42.407,0.000,,,,,
42.438,0.000,,,,,
42.485,0.000,,,,,
42.532,0.000,,,,,
42.563,0.000,,,,,
42.610,0.000,,,,,
42.610,0.000,,,,,
42.657,0.000,,,,,
42.704,0.000,,,,,
42.750,0.000,,,,,
42.782,0.000,,,,,
42.797,0.000,,,,,
42.844,0.000,,,,,
42.875,0.000,,,,,
42.922,0.000,,,,,
42.922,0.000,,,,,
42.969,0.000,,,,,
43.016,0.000,,,,,
43.016,0.000,,,,,
43.063,0.000,,,,,
43.110,0.000,,,,,
43.157,0.000,,,,,
43.157,0.000,,,,,
43.204,0.000,,,,,
43.235,0.000,,,,,
43.235,0.000,,,,,
43.297,0.000,,,,,
43.344,0.000,,,,,
43.344,0.000,,,,,
43.391,0.000,,,,,
43.438,0.000,,,,,
43.485,0.000,,,,,
43.485,0.000,,,,,
43.547,0.000,,,,,
43.579,0.000,,,,,
43.625,0.000,,,,,
43.641,0.000,,,,,
43.688,0.000,,,,,
43.719,0.000,,,,,
43.766,0.000,,,,,
43.782,0.000,,,,,
43.829,0.000,,,,,
43.860,0.000,,,,,
43.907,0.000,,,,,
43.907,0.000,,,,,
43.954,0.000,,,,,
44.000,0.000,,,,,
44.000,0.000,,,,,
44.047,0.000,,,,,
44.063,0.000,,,,,
44.110,0.000,,,,,
44.110,0.000,,,,,
44.157,0.000,,,,,
44.204,0.000,,,,,
44.250,0.000,,,,,
44.297,0.000,,,,,
44.297,0.000,,,,,
44.344,0.000,,,,,
44.391,0.000,,,,,
44.391,0.000,,,,,
44.438,0.000,,,,,
44.485,0.000,,,,,
44.485,0.000,,,,,
44.532,0.000,,,,,
44.579,0.000,,,,,
44.625,0.000,,,,,
44.657,0.000,,,,,
44.704,0.000,,,,,
44.704,0.000,,,,,
44.766,0.000,,,,,
44.797,0.000,,,,,
44.844,0.000,,,,,
44.860,0.000,,,,,
44.891,0.000,,,,,
44.938,0.000,,,,,
44.985,0.000,,,,,
45.032,0.000,,,,,
45.063,0.000,,,,,
45.110,0.000,,,,,
45.172,0.000,,,,,
45.204,0.000,,,,,
45.250,0.000,,,,,
45.297,0.000,,,,,
45.329,0.000,,,,,
45.375,0.000,,,,,
45.407,0.000,,,,,
45.454,0.000,,,,,
45.469,0.000,,,,,
45.516,0.000,,,,,
45.516,0.000,,,,,
45.563,0.000,,,,,
45.610,0.000,,,,,
45.610,0.000,,,,,
45.641,0.000,,,,,
45.704,0.000,,,,,
45.766,0.000,,,,,
45.813,0.000,,,,,
45.844,0.000,,,,,
45.891,0.000,,,,,
45.938,0.000,,,,,
45.969,0.000,,,,,
46.032,0.000,,,,,
46.032,0.000,,,,,
46.063,0.000,,,,,
46.125,0.000,,,,,
46.172,0.000,,,,,
46.172,0.000,,,,,
46.219,0.000,,,,,
46.266,0.000,,,,,
46.266,0.000,,,,,
46.313,0.000,,,,,
46.329,0.000,,,,,
46.375,0.000,,,,,
46.422,0.000,,,,,
46.422,0.000,,,,,
46.469,0.000,,,,,
46.516,0.000,,,,,
46.547,0.000,,,,,
46.594,0.000,,,,,
46.610,0.000,,,,,
46.657,0.000,,,,,
46.657,0.000,,,,,
46.704,0.000,,,,,
46.750,0.000,,,,,
46.750,0.000,,,,,
46.813,0.000,,,,,
46.813,0.000,,,,,
46.875,0.000,,,,,
46.875,0.000,,,,,
46.922,0.000,,,,,
46.969,0.000,,,,,
46.985,0.000,,,,,
47.032,0.000,,,,,
47.079,0.000,,,,,
47.125,0.000,,,,,
47.125,0.000,,,,,
47.172,0.000,,,,,
47.219,0.000,,,,,
47.219,0.000,,,,,
47.282,0.000,,,,,
47.282,0.000,,,,,
47.329,0.000,,,,,
47.375,0.000,,,,,
47.422,0.000,,,,,
47.469,0.000,,,,,
47.469,145.943,,0.4111192226409912,,,
47.516,145.943,,0.4111192226409912,,,
47.516,145.943,,0.4111192226409912,,,
47.563,145.943,,0.4111192226409912,,,
47.610,145.943,,0.4111192226409912,,,
47.625,145.943,,0.4111192226409912,,,
47.672,145.943,,0.4111192226409912,,,
47.672,145.943,,0.4111192226409912,,,
47.719,145.943,,0.4111192226409912,,,
47.766,145.943,,0.4111192226409912,,,
47.797,145.943,,0.4111192226409912,,,
47.844,145.943,,0.4111192226409912,,,
47.891,145.943,,0.4111192226409912,,,
47.938,145.943,,0.4111192226409912,,,
47.938,145.943,,0.4111192226409912,,,
47.985,145.943,,0.4111192226409912,,,
47.985,145.943,,0.4111192226409912,,,
48.047,145.943,,0.4111192226409912,,,
48.047,145.943,,0.4111192226409912,,,
48.094,145.943,,0.4111192226409912,,,
48.141,145.943,,0.4111192226409912,,,
48.157,145.943,,0.4111192226409912,,,
48.204,145.943,,0.4111192226409912,,,
48.250,145.943,,0.4111192226409912,,,
48.266,145.943,,0.4111192226409912,,,
48.313,145.943,,0.4111192226409912,,,
48.313,145.943,,0.4111192226409912,,,
48.360,145.943,,0.4111192226409912,,,
48.375,145.943,,0.4111192226409912,,,
48.422,145.943,,0.4111192226409912,,,
48.438,145.943,,0.4111192226409912,,,
48.500,145.943,,0.4111192226409912,,,
48.547,145.943,,0.4111192226409912,,,
48.547,145.943,,0.4111192226409912,,,
48.594,145.943,,0.4111192226409912,,,
48.641,145.943,,0.4111192226409912,,,
48.688,99.491,0.7950150966644287,0.4111192226409912,,,63.657
48.688,99.491,0.7950150966644287,0.4111192226409912,,,63.657
48.735,99.491,0.7950150966644287,0.4111192226409912,,,63.657
48.782,99.491,0.7950150966644287,0.4111192226409912,,,63.657
48.782,99.491,0.7950150966644287,0.4111192226409912,,,63.657
48.844,99.491,0.7950150966644287,0.4111192226409912,,,63.657
48.844,99.491,0.7950150966644287,0.4111192226409912,,,63.657
48.891,99.491,0.7950150966644287,0.4111192226409912,,,63.657
48.938,99.491,0.7950150966644287,0.4111192226409912,,,63.657
48.938,99.491,0.7950150966644287,0.4111192226409912,,,63.657
48.985,99.491,0.7950150966644287,0.4111192226409912,,,63.657
49.032,99.491,0.7950150966644287,0.4111192226409912,,,63.657
49.079,99.491,0.7950150966644287,0.4111192226409912,,,63.657
49.079,99.491,0.7950150966644287,0.4111192226409912,,,63.657
49.125,99.491,0.7950150966644287,0.4111192226409912,,,63.657
49.172,99.491,0.7950150966644287,0.4111192226409912,,,63.657
49.204,99.491,0.7950150966644287,0.4111192226409912,,,63.657
49.219,99.491,0.7950150966644287,0.4111192226409912,,,63.657
49.266,99.491,0.7950150966644287,0.4111192226409912,,,63.657
49.266,99.491,0.7950150966644287,0.4111192226409912,,,63.657
49.329,99.491,0.7950150966644287,0.4111192226409912,,,63.657
49.329,99.491,0.7950150966644287,0.4111192226409912,,,63.657
49.375,99.491,0.7950150966644287,0.4111192226409912,,,63.657
49.422,99.491,0.7950150966644287,0.4111192226409912,,,63.657
49.469,99.491,0.7950150966644287,0.4111192226409912,,,63.657
49.516,99.491,0.7950150966644287,0.4111192226409912,,,63.657
49.516,99.491,0.7950150966644287,0.4111192226409912,,,63.657
49.579,99.491,0.7950150966644287,0.4111192226409912,,,63.657
49.610,99.491,0.7950150966644287,0.4111192226409912,,,63.657
49.657,99.491,0.7950150966644287,0.4111192226409912,,,63.657
49.672,99.491,0.7950150966644287,0.4111192226409912,,,63.657
49.719,99.491,0.7950150966644287,0.4111192226409912,,,63.657
49.766,99.491,0.7950150966644287,0.4111192226409912,,,63.657
49.782,99.491,0.7950150966644287,0.4111192226409912,,,63.657
49.829,99.491,0.7950150966644287,0.4111192226409912,,,63.657
49.829,99.491,0.7950150966644287,0.4111192226409912,,,63.657
49.875,99.491,0.7950150966644287,0.4111192226409912,,,63.657
49.938,99.491,0.7950150966644287,0.4111192226409912,,,63.657
49.938,99.491,0.7950150966644287,0.4111192226409912,,,63.657
49.985,99.491,0.7950150966644287,0.4111192226409912,,,63.657
49.985,99.491,0.7950150966644287,0.4111192226409912,,,63.657
50.047,99.491,0.7950150966644287,0.4111192226409912,,,63.657
50.047,99.491,0.7950150966644287,0.4111192226409912,,,63.657
50.110,99.491,0.7950150966644287,0.4111192226409912,,,63.657
50.110,99.491,0.7950150966644287,0.4111192226409912,,,63.657
50.157,99.491,0.7950150966644287,0.4111192226409912,,,63.657
50.172,99.491,0.7950150966644287,0.4111192226409912,,,63.657
50.219,99.491,0.7950150966644287,0.4111192226409912,,,63.657
50.266,99.491,0.7950150966644287,0.4111192226409912,,,63.657
50.266,99.491,0.7950150966644287,0.4111192226409912,,,63.657
50.313,99.491,0.7950150966644287,0.4111192226409912,,,63.657
50.360,99.491,0.7950150966644287,0.4111192226409912,,,63.657
50.407,99.491,0.7950150966644287,0.4111192226409912,,,63.657
50.407,99.491,0.7950150966644287,0.4111192226409912,,,63.657
50.469,99.491,0.7950150966644287,0.4111192226409912,,,63.657
50.469,99.491,0.7950150966644287,0.4111192226409912,,,63.657
50.516,99.491,0.7950150966644287,0.4111192226409912,,,63.657
50.516,99.491,0.7950150966644287,0.4111192226409912,,,63.657
50.563,99.491,0.7950150966644287,0.4111192226409912,,,63.657
50.610,99.491,0.7950150966644287,0.4111192226409912,,,63.657
50.641,99.491,0.7950150966644287,0.4111192226409912,,,63.657
50.688,99.491,0.7950150966644287,0.4111192226409912,,,63.657
50.735,99.491,0.7950150966644287,0.4111192226409912,,,63.657
50.782,99.491,0.7950150966644287,0.4111192226409912,,,63.657
50.782,99.491,0.7950150966644287,0.4111192226409912,,,63.657
50.829,99.491,0.7950150966644287,0.4111192226409912,,,63.657
50.875,99.491,0.7950150966644287,0.4111192226409912,,,63.657
50.891,99.491,0.7950150966644287,0.4111192226409912,,,63.657
50.938,99.491,0.7950150966644287,0.4111192226409912,,,63.657
50.985,99.491,0.7950150966644287,0.4111192226409912,,,63.657
50.985,99.491,0.7950150966644287,0.4111192226409912,,,63.657
51.032,99.491,0.7950150966644287,0.4111192226409912,,,63.657
51.047,99.491,0.7950150966644287,0.4111192226409912,,,63.657
51.079,99.491,0.7950150966644287,0.4111192226409912,,,63.657
51.125,99.491,0.7950150966644287,0.4111192226409912,,,63.657
51.141,99.491,0.7950150966644287,0.4111192226409912,,,63.657
51.188,99.491,0.7950150966644287,0.4111192226409912,,,63.657
51.188,99.491,0.7950150966644287,0.4111192226409912,,,63.657
51.235,99.491,0.7950150966644287,0.4111192226409912,,,63.657
51.282,99.491,0.7950150966644287,0.4111192226409912,,,63.657
51.282,99.491,0.7950150966644287,0.4111192226409912,,,63.657
51.344,99.491,0.7950150966644287,0.4111192226409912,,,63.657
51.344,99.491,0.7950150966644287,0.4111192226409912,,,63.657
51.391,99.491,0.7950150966644287,0.4111192226409912,,,63.657
51.422,99.491,0.7950150966644287,0.4111192226409912,,,63.657
51.485,99.491,0.7950150966644287,0.4111192226409912,,,63.657
51.485,99.491,0.7950150966644287,0.4111192226409912,,,63.657
51.547,99.491,0.7950150966644287,0.4111192226409912,,,63.657
51.547,99.491,0.7950150966644287,0.4111192226409912,,,63.657
51.594,99.491,0.7950150966644287,0.4111192226409912,,,63.657
51.641,99.491,0.7950150966644287,0.4111192226409912,,,63.657
51.688,99.491,0.7950150966644287,0.4111192226409912,,,63.657
51.688,99.491,0.7950150966644287,0.4111192226409912,,,63.657
51.735,99.491,0.7950150966644287,0.4111192226409912,,,63.657
51.782,99.491,0.7950150966644287,0.4111192226409912,,,63.657
51.844,99.491,0.7950150966644287,0.4111192226409912,,,63.657
51.844,99.491,0.7950150966644287,0.4111192226409912,,,63.657
51.907,99.491,0.7950150966644287,0.4111192226409912,,,63.657
51.907,99.491,0.7950150966644287,0.4111192226409912,,,63.657
51.954,99.491,0.7950150966644287,0.4111192226409912,,,63.657
51.954,99.491,0.7950150966644287,0.4111192226409912,,,63.657
52.000,99.491,0.7950150966644287,0.4111192226409912,,,63.657
52.063,99.491,0.7950150966644287,0.4111192226409912,,,63.657
52.063,99.491,0.7950150966644287,0.4111192226409912,,,63.657
52.094,99.491,0.7950150966644287,0.4111192226409912,,,63.657
52.141,99.491,0.7950150966644287,0.4111192226409912,,,63.657
52.188,99.491,0.7950150966644287,0.4111192226409912,,,63.657
52.219,99.491,0.7950150966644287,0.4111192226409912,,,63.657
52.235,99.491,0.7950150966644287,0.4111192226409912,,,63.657
52.266,99.491,0.7950150966644287,0.4111192226409912,,,63.657
52.329,99.491,0.7950150966644287,0.4111192226409912,,,63.657
52.329,99.491,0.7950150966644287,0.4111192226409912,,,63.657
52.375,99.491,0.7950150966644287,0.4111192226409912,,,63.657
52.407,99.491,0.7950150966644287,0.4111192226409912,,,63.657
52.454,99.491,0.7950150966644287,0.4111192226409912,,,63.657
52.469,99.491,0.7950150966644287,0.4111192226409912,,,63.657
52.516,99.491,0.7950150966644287,0.4111192226409912,,,63.657
52.563,99.491,0.7950150966644287,0.4111192226409912,,,63.657
52.563,99.491,0.7950150966644287,0.4111192226409912,,,63.657
52.610,99.491,0.7950150966644287,0.4111192226409912,,,63.657
52.657,99.491,0.7950150966644287,0.4111192226409912,,,63.657
52.672,99.491,0.7950150966644287,0.4111192226409912,,,63.657
52.719,99.491,0.7950150966644287,0.4111192226409912,,,63.657
52.766,99.491,0.7950150966644287,0.4111192226409912,,,63.657
52.766,99.491,0.7950150966644287,0.4111192226409912,,,63.657
52.829,99.491,0.7950150966644287,0.4111192226409912,,,63.657
52.829,99.491,0.7950150966644287,0.4111192226409912,,,63.657
52.875,99.491,0.7950150966644287,0.4111192226409912,,,63.657
52.922,99.491,0.7950150966644287,0.4111192226409912,,,63.657
52.938,99.491,0.7950150966644287,0.4111192226409912,,,63.657
52.985,99.491,0.7950150966644287,0.4111192226409912,,,63.657
53.032,99.491,0.7950150966644287,0.4111192226409912,,,63.657
53.047,99.491,0.7950150966644287,0.4111192226409912,,,63.657
53.094,99.491,0.7950150966644287,0.4111192226409912,,,63.657
53.094,99.491,0.7950150966644287,0.4111192226409912,,,63.657
53.141,99.491,0.7950150966644287,0.4111192226409912,,,63.657
53.188,99.491,0.7950150966644287,0.4111192226409912,,,63.657
53.204,99.491,0.7950150966644287,0.4111192226409912,,,63.657
53.250,99.491,0.7950150966644287,0.4111192226409912,,,63.657
53.266,99.491,0.7950150966644287,0.4111192226409912,,,63.657
53.297,99.491,0.7950150966644287,0.4111192226409912,,,63.657
53.344,99.491,0.7950150966644287,0.4111192226409912,,,63.657
53.391,99.491,0.7950150966644287,0.4111192226409912,,,63.657
53.438,99.491,0.7950150966644287,0.4111192226409912,,,63.657
53.438,99.491,0.7950150966644287,0.4111192226409912,,,63.657
53.500,99.491,0.7950150966644287,0.4111192226409912,,,63.657
53.500,99.491,0.7950150966644287,0.4111192226409912,,,63.657
53.547,99.491,0.7950150966644287,0.4111192226409912,,,63.657
53.594,99.491,0.7950150966644287,0.4111192226409912,,,63.657
53.594,99.491,0.7950150966644287,0.4111192226409912,,,63.657
53.657,99.491,0.7950150966644287,0.4111192226409912,,,63.657
53.704,99.491,0.7950150966644287,0.4111192226409912,,,63.657
53.704,99.491,0.7950150966644287,0.4111192226409912,,,63.657
53.750,99.491,0.7950150966644287,0.4111192226409912,,,63.657
53.766,99.491,0.7950150966644287,0.4111192226409912,,,63.657
53.797,99.491,0.7950150966644287,0.4111192226409912,,,63.657
53.844,99.491,0.7950150966644287,0.4111192226409912,,,63.657
53.891,99.491,0.7950150966644287,0.4111192226409912,,,63.657
53.938,99.491,0.7950150966644287,0.4111192226409912,,,63.657
54.000,99.491,0.7950150966644287,0.4111192226409912,,,63.657
54.000,99.491,0.7950150966644287,0.4111192226409912,,,63.657
54.047,99.491,0.7950150966644287,0.4111192226409912,,,63.657
54.047,99.491,0.7950150966644287,0.4111192226409912,,,63.657
54.094,99.491,0.7950150966644287,0.4111192226409912,,,63.657
54.141,99.491,0.7950150966644287,0.4111192226409912,,,63.657
54.141,99.491,0.7950150966644287,0.4111192226409912,,,63.657
54.188,99.491,0.7950150966644287,0.4111192226409912,,,63.657
54.250,99.491,0.7950150966644287,0.4111192226409912,,,63.657
54.250,99.491,0.7950150966644287,0.4111192226409912,,,63.657
54.282,99.491,0.7950150966644287,0.4111192226409912,,,63.657
54.329,99.491,0.7950150966644287,0.4111192226409912,,,63.657
54.375,99.491,0.7950150966644287,0.4111192226409912,,,63.657
54.422,99.491,0.7950150966644287,0.4111192226409912,,,63.657
54.438,99.491,0.7950150966644287,0.4111192226409912,,,63.657
54.485,99.491,0.7950150966644287,0.4111192226409912,,,63.657
54.516,99.491,0.7950150966644287,0.4111192226409912,,,63.657
54.532,99.491,0.7950150966644287,0.4111192226409912,,,63.657
54.579,99.491,0.7950150966644287,0.4111192226409912,,,63.657
54.625,99.491,0.7950150966644287,0.4111192226409912,,,63.657
54.625,99.491,0.7950150966644287,0.4111192226409912,,,63.657
54.672,99.491,0.7950150966644287,0.4111192226409912,,,63.657
54.735,99.491,0.7950150966644287,0.4111192226409912,,,63.657
54.735,99.491,0.7950150966644287,0.4111192226409912,,,63.657
54.782,99.491,0.7950150966644287,0.4111192226409912,,,63.657
54.782,99.491,0.7950150966644287,0.4111192226409912,,,63.657
54.829,99.491,0.7950150966644287,0.4111192226409912,,,63.657
54.875,99.491,0.7950150966644287,0.4111192226409912,,,63.657
54.922,99.491,0.7950150966644287,0.4111192226409912,,,63.657
54.938,99.491,0.7950150966644287,0.4111192226409912,,,63.657
54.985,99.491,0.7950150966644287,0.4111192226409912,,,63.657
54.985,99.491,0.7950150966644287,0.4111192226409912,,,63.657
55.047,99.491,0.7950150966644287,0.4111192226409912,,,63.657
55.047,99.491,0.7950150966644287,0.4111192226409912,,,63.657
55.094,99.491,0.7950150966644287,0.4111192226409912,,,63.657
55.141,99.491,0.7950150966644287,0.4111192226409912,,,63.657
55.188,99.491,0.7950150966644287,0.4111192226409912,,,63.657
55.235,99.491,0.7950150966644287,0.4111192226409912,,,63.657
55.250,99.491,0.7950150966644287,0.4111192226409912,,,63.657
55.297,99.491,0.7950150966644287,0.4111192226409912,,,63.657
55.344,99.491,0.7950150966644287,0.4111192226409912,,,63.657
55.344,99.491,0.7950150966644287,0.4111192226409912,,,63.657
55.391,99.491,0.7950150966644287,0.4111192226409912,,,63.657
55.407,99.491,0.7950150966644287,0.4111192226409912,,,63.657
55.454,99.491,0.7950150966644287,0.4111192226409912,,,63.657
55.500,99.491,0.7950150966644287,0.4111192226409912,,,63.657
55.532,99.491,0.7950150966644287,0.4111192226409912,,,63.657
55.579,99.491,0.7950150966644287,0.4111192226409912,,,63.657
55.579,99.491,0.7950150966644287,0.4111192226409912,,,63.657
55.625,99.491,0.7950150966644287,0.4111192226409912,,,63.657
55.672,99.491,0.7950150966644287,0.4111192226409912,,,63.657
55.719,99.491,0.7950150966644287,0.4111192226409912,,,63.657
55.750,99.491,0.7950150966644287,0.4111192226409912,,,63.657
55.766,99.491,0.7950150966644287,0.4111192226409912,,,63.657
55.797,99.491,0.7950150966644287,0.4111192226409912,,,63.657
55.844,99.491,0.7950150966644287,0.4111192226409912,,,63.657
55.860,99.491,0.7950150966644287,0.4111192226409912,,,63.657
55.891,99.491,0.7950150966644287,0.4111192226409912,,,63.657
55.938,99.491,0.7950150966644287,0.4111192226409912,,,63.657
55.954,99.491,0.7950150966644287,0.4111192226409912,,,63.657
56.000,99.491,0.7950150966644287,0.4111192226409912,,,63.657
56.000,99.491,0.7950150966644287,0.4111192226409912,,,63.657
56.047,99.491,0.7950150966644287,0.4111192226409912,,,63.657
56.079,99.491,0.7950150966644287,0.4111192226409912,,,63.657
56.125,99.491,0.7950150966644287,0.4111192226409912,,,63.657
56.141,99.491,0.7950150966644287,0.4111192226409912,,,63.657
56.172,99.491,0.7950150966644287,0.4111192226409912,,,63.657
56.235,99.491,0.7950150966644287,0.4111192226409912,,,63.657
56.235,99.491,0.7950150966644287,0.4111192226409912,,,63.657
56.282,99.491,0.7950150966644287,0.4111192226409912,,,63.657
56.329,99.491,0.7950150966644287,0.4111192226409912,,,63.657
56.344,99.491,0.7950150966644287,0.4111192226409912,,,63.657
56.391,99.491,0.7950150966644287,0.4111192226409912,,,63.657
56.391,99.491,0.7950150966644287,0.4111192226409912,,,63.657
56.438,99.491,0.7950150966644287,0.4111192226409912,,,63.657
56.485,99.491,0.7950150966644287,0.4111192226409912,,,63.657
56.485,99.491,0.7950150966644287,0.4111192226409912,,,63.657
56.547,99.491,0.7950150966644287,0.4111192226409912,,,63.657
56.547,99.491,0.7950150966644287,0.4111192226409912,,,63.657
56.594,99.491,0.7950150966644287,0.4111192226409912,,,63.657
56.641,99.491,0.7950150966644287,0.4111192226409912,,,63.657
56.657,99.491,0.7950150966644287,0.4111192226409912,,,63.657
56.719,99.491,0.7950150966644287,0.4111192226409912,,,63.657
56.719,99.491,0.7950150966644287,0.4111192226409912,,,63.657
56.766,99.491,0.7950150966644287,0.4111192226409912,,,63.657
56.813,99.491,0.7950150966644287,0.4111192226409912,,,63.657
56.829,99.491,0.7950150966644287,0.4111192226409912,,,63.657
56.875,99.491,0.7950150966644287,0.4111192226409912,,,63.657
56.875,99.491,0.7950150966644287,0.4111192226409912,,,63.657
56.922,99.491,0.7950150966644287,0.4111192226409912,,,63.657
56.985,99.491,0.7950150966644287,0.4111192226409912,,,63.657
56.985,99.491,0.7950150966644287,0.4111192226409912,,,63.657
57.032,99.491,0.7950150966644287,0.4111192226409912,,,63.657
57.079,99.491,0.7950150966644287,0.4111192226409912,,,63.657
57.079,99.491,0.7950150966644287,0.4111192226409912,,,63.657
57.125,99.491,0.7950150966644287,0.4111192226409912,,,63.657
57.172,99.491,0.7950150966644287,0.4111192226409912,,,63.657
57.188,99.491,0.7950150966644287,0.4111192226409912,,,63.657
57.219,99.491,0.7950150966644287,0.4111192226409912,,,63.657
57.266,99.491,0.7950150966644287,0.4111192226409912,,,63.657
57.313,99.491,0.7950150966644287,0.4111192226409912,,,63.657
57.313,99.491,0.7950150966644287,0.4111192226409912,,,63.657
57.360,99.491,0.7950150966644287,0.4111192226409912,,,63.657
57.375,99.491,0.7950150966644287,0.4111192226409912,,,63.657
57.422,99.491,0.7950150966644287,0.4111192226409912,,,63.657
57.454,99.491,0.7950150966644287,0.4111192226409912,,,63.657
57.500,99.491,0.7950150966644287,0.4111192226409912,,,63.657
57.563,99.491,0.7950150966644287,0.4111192226409912,,,63.657
57.563,99.491,0.7950150966644287,0.4111192226409912,,,63.657
57.610,99.491,0.7950150966644287,0.4111192226409912,,,63.657
57.610,99.491,0.7950150966644287,0.4111192226409912,,,63.657
57.657,99.491,0.7950150966644287,0.4111192226409912,,,63.657
57.704,99.491,0.7950150966644287,0.4111192226409912,,,63.657
57.750,99.491,0.7950150966644287,0.4111192226409912,,,63.657
57.797,99.491,0.7950150966644287,0.4111192226409912,,,63.657
57.797,99.491,0.7950150966644287,0.4111192226409912,,,63.657
57.844,99.491,0.7950150966644287,0.4111192226409912,,,63.657
57.891,99.491,0.7950150966644287,0.4111192226409912,,,63.657
57.891,99.491,0.7950150966644287,0.4111192226409912,,,63.657
57.938,99.491,0.7950150966644287,0.4111192226409912,,,63.657
57.954,99.491,0.7950150966644287,0.4111192226409912,,,63.657
58.000,99.491,0.7950150966644287,0.4111192226409912,,,63.657
58.047,99.491,0.7950150966644287,0.4111192226409912,,,63.657
58.047,99.491,0.7950150966644287,0.4111192226409912,,,63.657
58.094,99.491,0.7950150966644287,0.4111192226409912,,,63.657
58.110,99.491,0.7950150966644287,0.4111192226409912,,,63.657
58.141,99.491,0.7950150966644287,0.4111192226409912,,,63.657
58.188,99.491,0.7950150966644287,0.4111192226409912,,,63.657
58.204,99.491,0.7950150966644287,0.4111192226409912,,,63.657
58.250,99.491,0.7950150966644287,0.4111192226409912,,,63.657
58.297,99.491,0.7950150966644287,0.4111192226409912,,,63.657
58.297,99.491,0.7950150966644287,0.4111192226409912,,,63.657
58.360,99.491,0.7950150966644287,0.4111192226409912,,,63.657
58.407,99.491,0.7950150966644287,0.4111192226409912,,,63.657
58.407,99.491,0.7950150966644287,0.4111192226409912,,,63.657
58.454,99.491,0.7950150966644287,0.4111192226409912,,,63.657
58.500,99.491,0.7950150966644287,0.4111192226409912,,,63.657
58.547,99.491,0.7950150966644287,0.4111192226409912,,,63.657
58.563,99.491,0.7950150966644287,0.4111192226409912,,,63.657
58.610,99.491,0.7950150966644287,0.4111192226409912,,,63.657
58.625,99.491,0.7950150966644287,0.4111192226409912,,,63.657
58.657,99.491,0.7950150966644287,0.4111192226409912,,,63.657
58.704,99.491,0.7950150966644287,0.4111192226409912,,,63.657
58.719,99.491,0.7950150966644287,0.4111192226409912,,,63.657
58.766,99.491,0.7950150966644287,0.4111192226409912,,,63.657
58.813,99.491,0.7950150966644287,0.4111192226409912,,,63.657
58.813,99.491,0.7950150966644287,0.4111192226409912,,,63.657
58.860,99.491,0.7950150966644287,0.4111192226409912,,,63.657
58.907,99.491,0.7950150966644287,0.4111192226409912,,,63.657
58.907,99.491,0.7950150966644287,0.4111192226409912,,,63.657
58.954,99.491,0.7950150966644287,0.4111192226409912,,,63.657
59.000,99.491,0.7950150966644287,0.4111192226409912,,,63.657
59.047,99.491,0.7950150966644287,0.4111192226409912,,,63.657
59.047,99.491,0.7950150966644287,0.4111192226409912,,,63.657
59.094,99.491,0.7950150966644287,0.4111192226409912,,,63.657
59.141,99.491,0.7950150966644287,0.4111192226409912,,,63.657
59.188,99.491,0.7950150966644287,0.4111192226409912,,,63.657
59.188,99.491,0.7950150966644287,0.4111192226409912,,,63.657
59.250,99.491,0.7950150966644287,0.4111192226409912,,,63.657
59.250,99.491,0.7950150966644287,0.4111192226409912,,,63.657
59.297,99.491,0.7950150966644287,0.4111192226409912,,,63.657
59.344,99.491,0.7950150966644287,0.4111192226409912,,,63.657
59.344,99.491,0.7950150966644287,0.4111192226409912,,,63.657
59.391,99.491,0.7950150966644287,0.4111192226409912,,,63.657
59.422,99.491,0.7950150966644287,0.4111192226409912,,,63.657
59.485,99.491,0.7950150966644287,0.4111192226409912,,,63.657
59.485,99.491,0.7950150966644287,0.4111192226409912,,,63.657
59.532,99.491,0.7950150966644287,0.4111192226409912,,,63.657
59.579,99.491,0.7950150966644287,0.4111192226409912,,,63.657
59.594,99.491,0.7950150966644287,0.4111192226409912,,,63.657
59.641,99.491,0.7950150966644287,0.4111192226409912,,,63.657
59.688,99.491,0.7950150966644287,0.4111192226409912,,,63.657
59.750,99.491,0.7950150966644287,0.4111192226409912,,,63.657
59.750,99.491,0.7950150966644287,0.4111192226409912,,,63.657
59.797,99.491,0.7950150966644287,0.4111192226409912,,,63.657
59.844,99.491,0.7950150966644287,0.4111192226409912,,,63.657
59.891,99.491,0.7950150966644287,0.4111192226409912,,,63.657
59.907,99.491,0.7950150966644287,0.4111192226409912,,,63.657
59.954,99.491,0.7950150966644287,0.4111192226409912,,,63.657
60.000,99.491,0.7950150966644287,0.4111192226409912,,,63.657
60.016,99.491,0.7950150966644287,0.4111192226409912,,,63.657
60.063,99.491,0.7950150966644287,0.4111192226409912,,,63.657
60.110,99.491,0.7950150966644287,0.4111192226409912,,,63.657
60.110,99.491,0.7950150966644287,0.4111192226409912,,,63.657
60.157,99.491,0.7950150966644287,0.4111192226409912,,,63.657
60.204,99.491,0.7950150966644287,0.4111192226409912,,,63.657
60.235,99.491,0.7950150966644287,0.4111192226409912,,,63.657
60.282,99.491,0.7950150966644287,0.4111192226409912,,,63.657
60.329,99.491,0.7950150966644287,0.4111192226409912,,,63.657
60.375,99.491,0.7950150966644287,0.4111192226409912,,,63.657
60.391,99.491,0.7950150966644287,0.4111192226409912,,,63.657
60.438,99.491,0.7950150966644287,0.4111192226409912,,,63.657
60.469,99.491,0.7950150966644287,0.4111192226409912,,,63.657
60.485,99.491,0.7950150966644287,0.4111192226409912,,,63.657
60.532,99.491,0.7950150966644287,0.4111192226409912,,,63.657
60.579,99.491,0.7950150966644287,0.4111192226409912,,,63.657
60.579,99.491,0.7950150966644287,0.4111192226409912,,,63.657
60.625,99.491,0.7950150966644287,0.4111192226409912,,,63.657
60.672,99.491,0.7950150966644287,0.4111192226409912,,,63.657
60.719,99.491,0.7950150966644287,0.4111192226409912,,,63.657
60.719,99.491,0.7950150966644287,0.4111192226409912,,,63.657
60.766,99.491,0.7950150966644287,0.4111192226409912,,,63.657
60.813,99.491,0.7950150966644287,0.4111192226409912,,,63.657
60.813,99.491,0.7950150966644287,0.4111192226409912,,,63.657
60.860,99.491,0.7950150966644287,0.4111192226409912,,,63.657
60.907,99.491,0.7950150966644287,0.4111192226409912,,,63.657
60.922,99.491,0.7950150966644287,0.4111192226409912,,,63.657
60.969,99.491,0.7950150966644287,0.4111192226409912,,,63.657
61.000,99.491,0.7950150966644287,0.4111192226409912,,,63.657
61.047,99.491,0.7950150966644287,0.4111192226409912,,,63.657
61.063,99.491,0.7950150966644287,0.4111192226409912,,,63.657
61.110,99.491,0.7950150966644287,0.4111192226409912,,,63.657
61.157,99.491,0.7950150966644287,0.4111192226409912,,,63.657
61.157,99.491,0.7950150966644287,0.4111192226409912,,,63.657
61.204,99.491,0.7950150966644287,0.4111192226409912,,,63.657
61.266,99.491,0.7950150966644287,0.4111192226409912,,,63.657
61.282,99.491,0.7950150966644287,0.4111192226409912,,,63.657
61.313,99.491,0.7950150966644287,0.4111192226409912,,,63.657
61.375,99.491,0.7950150966644287,0.4111192226409912,,,63.657
61.375,99.491,0.7950150966644287,0.4111192226409912,,,63.657
61.422,99.491,0.7950150966644287,0.4111192226409912,,,63.657
61.422,8.130,0.7950150966644287,13.964507579803467,,,178.454
61.485,8.130,0.7950150966644287,13.964507579803467,,,178.454
61.485,8.130,0.7950150966644287,13.964507579803467,,,178.454
61.532,8.130,0.7950150966644287,13.964507579803467,,,178.454
61.579,8.130,0.7950150966644287,13.964507579803467,,,178.454
61.594,8.130,0.7950150966644287,13.964507579803467,,,178.454
61.641,8.130,0.7950150966644287,13.964507579803467,,,178.454
61.672,8.130,0.7950150966644287,13.964507579803467,,,178.454
61.688,8.130,0.7950150966644287,13.964507579803467,,,178.454
61.735,8.130,0.7950150966644287,13.964507579803467,,,178.454
61.735,8.130,0.7950150966644287,13.964507579803467,,,178.454
61.782,8.130,0.7950150966644287,13.964507579803467,,,178.454
61.829,8.130,0.7950150966644287,13.964507579803467,,,178.454
61.875,8.130,0.7950150966644287,13.964507579803467,,,178.454
61.875,8.130,0.7950150966644287,13.964507579803467,,,178.454
61.938,8.130,0.7950150966644287,13.964507579803467,,,178.454
61.954,8.130,0.7950150966644287,13.964507579803467,,,178.454
62.000,8.130,0.7950150966644287,13.964507579803467,,,178.454
62.032,8.130,0.7950150966644287,13.964507579803467,,,178.454
62.079,8.130,0.7950150966644287,13.964507579803467,,,178.454
62.079,8.130,0.7950150966644287,13.964507579803467,,,178.454
62.125,8.130,0.7950150966644287,13.964507579803467,,,178.454
62.172,8.130,0.7950150966644287,13.964507579803467,,,178.454
62.219,8.130,0.7950150966644287,13.964507579803467,,,178.454
62.250,8.130,0.7950150966644287,13.964507579803467,,,178.454
62.313,8.130,0.7950150966644287,13.964507579803467,,,178.454
62.313,8.130,0.7950150966644287,13.964507579803467,,,178.454
62.360,8.130,0.7950150966644287,13.964507579803467,,,178.454
62.407,8.130,0.7950150966644287,13.964507579803467,,,178.454
62.422,8.130,0.7950150966644287,13.964507579803467,,,178.454
62.469,8.130,0.7950150966644287,13.964507579803467,,,178.454
62.469,8.130,0.7950150966644287,13.964507579803467,,,178.454
62.516,8.130,0.7950150966644287,13.964507579803467,,,178.454
62.547,8.130,0.7950150966644287,13.964507579803467,,,178.454
62.594,8.130,0.7950150966644287,13.964507579803467,,,178.454
62.610,8.130,0.7950150966644287,13.964507579803467,,,178.454
62.657,8.130,0.7950150966644287,13.964507579803467,,,178.454
62.688,8.130,0.7950150966644287,13.964507579803467,,,178.454
62.704,8.130,0.7950150966644287,13.964507579803467,,,178.454
62.750,8.130,0.7950150966644287,13.964507579803467,,,178.454
62.750,8.130,0.7950150966644287,13.964507579803467,,,178.454
62.797,8.130,0.7950150966644287,13.964507579803467,,,178.454
62.860,8.130,0.7950150966644287,13.964507579803467,,,178.454
62.860,8.130,0.7950150966644287,13.964507579803467,,,178.454
62.907,8.130,0.7950150966644287,13.964507579803467,,,178.454
62.922,8.130,0.7950150966644287,13.964507579803467,,,178.454
62.969,8.130,0.7950150966644287,13.964507579803467,,,178.454
62.969,8.130,0.7950150966644287,13.964507579803467,,,178.454
63.016,8.130,0.7950150966644287,13.964507579803467,,,178.454
63.063,8.130,0.7950150966644287,13.964507579803467,,,178.454
63.110,8.130,0.7950150966644287,13.964507579803467,,,178.454
63.157,7.394,14.50468111038208,1.7239446640014648,,,157.509
63.219,7.394,14.50468111038208,1.7239446640014648,,,157.509
63.266,7.394,14.50468111038208,1.7239446640014648,,,157.509
63.313,7.394,14.50468111038208,1.7239446640014648,,,157.509
63.360,7.394,14.50468111038208,1.7239446640014648,,,157.509
63.360,7.394,14.50468111038208,1.7239446640014648,,,157.509
63.407,7.394,14.50468111038208,1.7239446640014648,,,157.509
63.469,7.394,14.50468111038208,1.7239446640014648,,,157.509
63.469,7.394,14.50468111038208,1.7239446640014648,,,157.509
63.516,7.394,14.50468111038208,1.7239446640014648,,,157.509
63.563,7.394,14.50468111038208,1.7239446640014648,,,157.509
63.563,7.394,14.50468111038208,1.7239446640014648,,,157.509
63.610,7.394,14.50468111038208,1.7239446640014648,,,157.509
63.657,7.394,14.50468111038208,1.7239446640014648,,,157.509
63.672,7.394,14.50468111038208,1.7239446640014648,,,157.509
63.719,7.394,14.50468111038208,1.7239446640014648,,,157.509
63.750,7.394,14.50468111038208,1.7239446640014648,,,157.509
63.797,7.394,14.50468111038208,1.7239446640014648,,,157.509
63.844,50.641,0.6456644535064697,1.7239446640014648,,,91.009
63.860,50.641,0.6456644535064697,1.7239446640014648,,,91.009
63.907,50.641,0.6456644535064697,1.7239446640014648,,,91.009
63.907,50.641,0.6456644535064697,1.7239446640014648,,,91.009
63.969,50.641,0.6456644535064697,1.7239446640014648,,,91.009
63.969,50.641,0.6456644535064697,1.7239446640014648,,,91.009
64.016,50.641,0.6456644535064697,1.7239446640014648,,,91.009
64.063,50.641,0.6456644535064697,1.7239446640014648,,,91.009
64.063,50.641,0.6456644535064697,1.7239446640014648,,,91.009
64.110,50.641,0.6456644535064697,1.7239446640014648,,,91.009
64.157,50.641,0.6456644535064697,1.7239446640014648,,,91.009
64.204,50.641,0.6456644535064697,1.7239446640014648,,,91.009
64.250,56.297,0.4076263904571533,1.7239446640014648,,,123.507
64.266,56.297,0.4076263904571533,1.7239446640014648,,,123.507
64.313,56.297,0.4076263904571533,1.7239446640014648,,,123.507
64.313,56.297,0.4076263904571533,1.7239446640014648,,,123.507
64.360,56.297,0.4076263904571533,1.7239446640014648,,,123.507
64.407,56.297,0.4076263904571533,1.7239446640014648,,,123.507
64.454,56.297,0.4076263904571533,1.7239446640014648,,,123.507
64.500,56.297,0.4076263904571533,1.7239446640014648,,,123.507
64.500,56.297,0.4076263904571533,1.7239446640014648,,,123.507
64.547,56.297,0.4076263904571533,1.7239446640014648,,,123.507
64.594,56.297,0.4076263904571533,1.7239446640014648,,,123.507
64.594,56.297,0.4076263904571533,1.7239446640014648,,,123.507
64.657,56.297,0.4076263904571533,1.7239446640014648,,,123.507
64.657,56.297,0.4076263904571533,1.7239446640014648,,,123.507
64.704,56.297,0.4076263904571533,1.7239446640014648,,,123.507
64.750,56.297,0.4076263904571533,1.7239446640014648,,,123.507
64.797,56.297,0.4076263904571533,1.7239446640014648,,,123.507
64.844,56.297,0.4076263904571533,1.7239446640014648,,,123.507
64.844,56.297,0.4076263904571533,1.7239446640014648,,,123.507
64.891,56.297,0.4076263904571533,1.7239446640014648,,,123.507
64.938,56.297,0.4076263904571533,1.7239446640014648,,,123.507
64.954,56.297,0.4076263904571533,1.7239446640014648,,,123.507
65.000,56.297,0.4076263904571533,1.7239446640014648,,,123.507
65.032,56.297,0.4076263904571533,1.7239446640014648,,,123.507
65.079,56.297,0.4076263904571533,1.7239446640014648,,,123.507
65.110,56.297,0.4076263904571533,1.7239446640014648,,,123.507
65.125,56.297,0.4076263904571533,1.7239446640014648,,,123.507
65.172,56.297,0.4076263904571533,1.7239446640014648,,,123.507
65.219,56.297,0.4076263904571533,1.7239446640014648,,,123.507
65.219,56.297,0.4076263904571533,1.7239446640014648,,,123.507
65.266,56.297,0.4076263904571533,1.7239446640014648,,,123.507
65.313,56.297,0.4076263904571533,1.7239446640014648,,,123.507
65.313,56.297,0.4076263904571533,1.7239446640014648,,,123.507
65.360,56.297,0.4076263904571533,1.7239446640014648,,,123.507
65.375,56.297,0.4076263904571533,1.7239446640014648,,,123.507
65.422,56.297,0.4076263904571533,1.7239446640014648,,,123.507
65.454,34.016,1.2372126579284668,2.29050350189209,,,59.715
65.500,34.016,1.2372126579284668,2.29050350189209,,,59.715
65.516,34.016,1.2372126579284668,2.29050350189209,,,59.715
65.563,34.016,1.2372126579284668,2.29050350189209,,,59.715
65.610,34.016,1.2372126579284668,2.29050350189209,,,59.715
65.657,34.016,1.2372126579284668,2.29050350189209,,,59.715
65.657,34.016,1.2372126579284668,2.29050350189209,,,59.715
65.704,34.016,1.2372126579284668,2.29050350189209,,,59.715
65.750,34.016,1.2372126579284668,2.29050350189209,,,59.715
65.750,34.016,1.2372126579284668,2.29050350189209,,,59.715
65.797,34.016,1.2372126579284668,2.29050350189209,,,59.715
65.844,34.016,1.2372126579284668,2.29050350189209,,,59.715
65.844,34.016,1.2372126579284668,2.29050350189209,,,59.715
65.891,34.016,1.2372126579284668,2.29050350189209,,,59.715
65.954,34.016,1.2372126579284668,2.29050350189209,,,59.715
65.954,34.016,1.2372126579284668,2.29050350189209,,,59.715
66.000,34.016,1.2372126579284668,2.29050350189209,,,59.715
66.047,34.016,1.2372126579284668,2.29050350189209,,,59.715
66.063,34.016,1.2372126579284668,2.29050350189209,,,59.715
66.110,34.016,1.2372126579284668,2.29050350189209,,,59.715
66.125,34.016,1.2372126579284668,2.29050350189209,,,59.715
66.157,34.016,1.2372126579284668,2.29050350189209,,,59.715
66.219,34.016,1.2372126579284668,2.29050350189209,,,59.715
66.219,34.016,1.2372126579284668,2.29050350189209,,,59.715
66.266,34.016,1.2372126579284668,2.29050350189209,,,59.715
66.266,34.016,1.2372126579284668,2.29050350189209,,,59.715
66.329,34.016,1.2372126579284668,2.29050350189209,,,59.715
66.329,34.016,1.2372126579284668,2.29050350189209,,,59.715
66.391,34.016,1.2372126579284668,2.29050350189209,,,59.715
66.391,34.016,1.2372126579284668,2.29050350189209,,,59.715
66.454,34.016,1.2372126579284668,2.29050350189209,,,59.715
66.485,34.016,1.2372126579284668,2.29050350189209,,,59.715
66.532,34.016,1.2372126579284668,2.29050350189209,,,59.715
66.547,34.016,1.2372126579284668,2.29050350189209,,,59.715
66.594,34.016,1.2372126579284668,2.29050350189209,,,59.715
66.641,34.016,1.2372126579284668,2.29050350189209,,,59.715
66.641,34.016,1.2372126579284668,2.29050350189209,,,59.715
66.688,34.016,1.2372126579284668,2.29050350189209,,,59.715
66.735,34.016,1.2372126579284668,2.29050350189209,,,59.715
66.782,34.016,1.2372126579284668,2.29050350189209,,,59.715
66.782,34.016,1.2372126579284668,2.29050350189209,,,59.715
66.829,34.016,1.2372126579284668,2.29050350189209,,,59.715
66.875,34.016,1.2372126579284668,2.29050350189209,,,59.715
66.875,34.016,1.2372126579284668,2.29050350189209,,,59.715
66.922,34.016,1.2372126579284668,2.29050350189209,,,59.715
66.969,34.016,1.2372126579284668,2.29050350189209,,,59.715
66.985,34.016,1.2372126579284668,2.29050350189209,,,59.715
67.032,34.016,1.2372126579284668,2.29050350189209,,,59.715
67.141,34.016,1.2372126579284668,2.29050350189209,,,59.715
67.141,34.016,1.2372126579284668,2.29050350189209,,,59.715
67.157,34.016,1.2372126579284668,2.29050350189209,,,59.715
67.157,34.016,1.2372126579284668,2.29050350189209,,,59.715
67.204,34.016,1.2372126579284668,2.29050350189209,,,59.715
67.219,34.016,1.2372126579284668,2.29050350189209,,,59.715
67.266,34.016,1.2372126579284668,2.29050350189209,,,59.715
67.282,34.016,1.2372126579284668,2.29050350189209,,,59.715
67.313,34.016,1.2372126579284668,2.29050350189209,,,59.715
67.313,34.016,1.2372126579284668,2.29050350189209,,,59.715
67.375,34.016,1.2372126579284668,2.29050350189209,,,59.715
67.375,34.016,1.2372126579284668,2.29050350189209,,,59.715
67.422,34.016,1.2372126579284668,2.29050350189209,,,59.715
67.469,34.016,1.2372126579284668,2.29050350189209,,,59.715
67.469,34.016,1.2372126579284668,2.29050350189209,,,59.715
67.532,34.016,1.2372126579284668,2.29050350189209,,,59.715
67.563,34.016,1.2372126579284668,2.29050350189209,,,59.715
67.579,34.016,1.2372126579284668,2.29050350189209,,,59.715
67.625,34.016,1.2372126579284668,2.29050350189209,,,59.715
67.672,34.016,1.2372126579284668,2.29050350189209,,,59.715
67.719,34.016,1.2372126579284668,2.29050350189209,,,59.715
67.719,34.016,1.2372126579284668,2.29050350189209,,,59.715
67.782,34.016,1.2372126579284668,2.29050350189209,,,59.715
67.782,34.016,1.2372126579284668,2.29050350189209,,,59.715
67.829,34.016,1.2372126579284668,2.29050350189209,,,59.715
67.891,34.016,1.2372126579284668,2.29050350189209,,,59.715
67.891,34.016,1.2372126579284668,2.29050350189209,,,59.715
67.938,34.016,1.2372126579284668,2.29050350189209,,,59.715
67.985,34.016,1.2372126579284668,2.29050350189209,,,59.715
67.985,34.016,1.2372126579284668,2.29050350189209,,,59.715
68.032,34.016,1.2372126579284668,2.29050350189209,,,59.715
68.047,34.016,1.2372126579284668,2.29050350189209,,,59.715
68.094,34.016,1.2372126579284668,2.29050350189209,,,59.715
68.141,34.016,1.2372126579284668,2.29050350189209,,,59.715
68.141,34.016,1.2372126579284668,2.29050350189209,,,59.715
68.188,34.016,1.2372126579284668,2.29050350189209,,,59.715
68.204,34.016,1.2372126579284668,2.29050350189209,,,59.715
68.235,34.016,1.2372126579284668,2.29050350189209,,,59.715
68.282,34.016,1.2372126579284668,2.29050350189209,,,59.715
68.329,34.016,1.2372126579284668,2.29050350189209,,,59.715
68.375,34.016,1.2372126579284668,2.29050350189209,,,59.715
68.375,34.016,1.2372126579284668,2.29050350189209,,,59.715
68.438,34.016,1.2372126579284668,2.29050350189209,,,59.715
68.438,34.016,1.2372126579284668,2.29050350189209,,,59.715
68.485,34.016,1.2372126579284668,2.29050350189209,,,59.715
68.532,34.016,1.2372126579284668,2.29050350189209,,,59.715
68.532,34.016,1.2372126579284668,2.29050350189209,,,59.715
68.594,34.016,1.2372126579284668,2.29050350189209,,,59.715
68.594,34.016,1.2372126579284668,2.29050350189209,,,59.715
68.641,34.016,1.2372126579284668,2.29050350189209,,,59.715
68.688,34.016,1.2372126579284668,2.29050350189209,,,59.715
68.735,34.016,1.2372126579284668,2.29050350189209,,,59.715
68.750,34.016,1.2372126579284668,2.29050350189209,,,59.715
68.797,34.016,1.2372126579284668,2.29050350189209,,,59.715
68.844,34.016,1.2372126579284668,2.29050350189209,,,59.715
68.844,34.016,1.2372126579284668,2.29050350189209,,,59.715
68.891,34.016,1.2372126579284668,2.29050350189209,,,59.715
68.938,34.016,1.2372126579284668,2.29050350189209,,,59.715
68.985,34.016,1.2372126579284668,2.29050350189209,,,59.715
68.985,34.016,1.2372126579284668,2.29050350189209,,,59.715
69.032,34.016,1.2372126579284668,2.29050350189209,,,59.715
69.032,34.016,1.2372126579284668,2.29050350189209,,,59.715
69.079,34.016,1.2372126579284668,2.29050350189209,,,59.715
69.125,34.016,1.2372126579284668,2.29050350189209,,,59.715
69.172,34.016,1.2372126579284668,2.29050350189209,,,59.715
69.172,34.016,1.2372126579284668,2.29050350189209,,,59.715
69.219,34.016,1.2372126579284668,2.29050350189209,,,59.715
69.266,34.016,1.2372126579284668,2.29050350189209,,,59.715
69.282,34.016,1.2372126579284668,2.29050350189209,,,59.715
69.329,34.016,1.2372126579284668,2.29050350189209,,,59.715
69.329,34.016,1.2372126579284668,2.29050350189209,,,59.715
69.375,34.016,1.2372126579284668,2.29050350189209,,,59.715
69.422,34.016,1.2372126579284668,2.29050350189209,,,59.715
69.469,34.016,1.2372126579284668,2.29050350189209,,,59.715
69.532,34.016,1.2372126579284668,2.29050350189209,,,59.715
69.563,34.016,1.2372126579284668,2.29050350189209,,,59.715
69.579,34.016,1.2372126579284668,2.29050350189209,,,59.715
69.625,34.016,1.2372126579284668,2.29050350189209,,,59.715
69.672,34.016,1.2372126579284668,2.29050350189209,,,59.715
69.719,34.016,1.2372126579284668,2.29050350189209,,,59.715
69.719,34.016,1.2372126579284668,2.29050350189209,,,59.715
69.782,34.016,1.2372126579284668,2.29050350189209,,,59.715
69.782,34.016,1.2372126579284668,2.29050350189209,,,59.715
69.829,34.016,1.2372126579284668,2.29050350189209,,,59.715
69.875,34.016,1.2372126579284668,2.29050350189209,,,59.715
69.922,34.016,1.2372126579284668,2.29050350189209,,,59.715
69.938,34.016,1.2372126579284668,2.29050350189209,,,59.715
69.969,34.016,1.2372126579284668,2.29050350189209,,,59.715
70.016,34.016,1.2372126579284668,2.29050350189209,,,59.715
70.032,34.016,1.2372126579284668,2.29050350189209,,,59.715
70.063,34.016,1.2372126579284668,2.29050350189209,,,59.715
70.110,34.016,1.2372126579284668,2.29050350189209,,,59.715
70.157,34.016,1.2372126579284668,2.29050350189209,,,59.715
70.157,34.016,1.2372126579284668,2.29050350189209,,,59.715
70.204,34.016,1.2372126579284668,2.29050350189209,,,59.715
70.250,34.016,1.2372126579284668,2.29050350189209,,,59.715
70.282,34.016,1.2372126579284668,2.29050350189209,,,59.715
70.344,34.016,1.2372126579284668,2.29050350189209,,,59.715
70.344,34.016,1.2372126579284668,2.29050350189209,,,59.715
70.391,34.016,1.2372126579284668,2.29050350189209,,,59.715
70.422,34.016,1.2372126579284668,2.29050350189209,,,59.715
70.469,34.016,1.2372126579284668,2.29050350189209,,,59.715
70.532,34.016,1.2372126579284668,2.29050350189209,,,59.715
70.579,34.016,1.2372126579284668,2.29050350189209,,,59.715
70.579,34.016,1.2372126579284668,2.29050350189209,,,59.715
70.625,34.016,1.2372126579284668,2.29050350189209,,,59.715
70.672,34.016,1.2372126579284668,2.29050350189209,,,59.715
70.704,34.016,1.2372126579284668,2.29050350189209,,,59.715
70.719,34.016,1.2372126579284668,2.29050350189209,,,59.715
70.766,34.016,1.2372126579284668,2.29050350189209,,,59.715
70.813,34.016,1.2372126579284668,2.29050350189209,,,59.715
70.860,34.016,1.2372126579284668,2.29050350189209,,,59.715
70.875,34.016,1.2372126579284668,2.29050350189209,,,59.715
70.922,34.016,1.2372126579284668,2.29050350189209,,,59.715
70.938,34.016,1.2372126579284668,2.29050350189209,,,59.715
70.985,34.016,1.2372126579284668,2.29050350189209,,,59.715
70.985,34.016,1.2372126579284668,2.29050350189209,,,59.715
71.047,34.016,1.2372126579284668,2.29050350189209,,,59.715
71.094,34.016,1.2372126579284668,2.29050350189209,,,59.715
71.094,34.016,1.2372126579284668,2.29050350189209,,,59.715
71.141,34.016,1.2372126579284668,2.29050350189209,,,59.715
71.157,34.016,1.2372126579284668,2.29050350189209,,,59.715
71.204,34.016,1.2372126579284668,2.29050350189209,,,59.715
71.219,34.016,1.2372126579284668,2.29050350189209,,,59.715
71.266,34.016,1.2372126579284668,2.29050350189209,,,59.715
71.266,34.016,1.2372126579284668,2.29050350189209,,,59.715
71.329,34.016,1.2372126579284668,2.29050350189209,,,59.715
71.329,34.016,1.2372126579284668,2.29050350189209,,,59.715
71.375,34.016,1.2372126579284668,2.29050350189209,,,59.715
71.391,34.016,1.2372126579284668,2.29050350189209,,,59.715
71.438,34.016,1.2372126579284668,2.29050350189209,,,59.715
71.485,34.016,1.2372126579284668,2.29050350189209,,,59.715
71.532,34.016,1.2372126579284668,2.29050350189209,,,59.715
71.532,34.016,1.2372126579284668,2.29050350189209,,,59.715
71.579,34.016,1.2372126579284668,2.29050350189209,,,59.715
71.641,34.016,1.2372126579284668,2.29050350189209,,,59.715
71.672,34.016,1.2372126579284668,2.29050350189209,,,59.715
71.719,34.016,1.2372126579284668,2.29050350189209,,,59.715
71.719,34.016,1.2372126579284668,2.29050350189209,,,59.715
71.766,34.016,1.2372126579284668,2.29050350189209,,,59.715
71.782,34.016,1.2372126579284668,2.29050350189209,,,59.715
71.813,34.016,1.2372126579284668,2.29050350189209,,,59.715
71.860,34.016,1.2372126579284668,2.29050350189209,,,59.715
71.875,34.016,1.2372126579284668,2.29050350189209,,,59.715
71.922,34.016,1.2372126579284668,2.29050350189209,,,59.715
71.938,34.016,1.2372126579284668,2.29050350189209,,,59.715
71.985,34.016,1.2372126579284668,2.29050350189209,,,59.715
72.032,34.016,1.2372126579284668,2.29050350189209,,,59.715
72.032,34.016,1.2372126579284668,2.29050350189209,,,59.715
72.079,34.016,1.2372126579284668,2.29050350189209,,,59.715
72.125,34.016,1.2372126579284668,2.29050350189209,,,59.715
72.172,34.016,1.2372126579284668,2.29050350189209,,,59.715
72.204,34.016,1.2372126579284668,2.29050350189209,,,59.715
72.219,34.016,1.2372126579284668,2.29050350189209,,,59.715
72.266,34.016,1.2372126579284668,2.29050350189209,,,59.715
72.313,34.016,1.2372126579284668,2.29050350189209,,,59.715
72.344,34.016,1.2372126579284668,2.29050350189209,,,59.715
72.360,34.016,1.2372126579284668,2.29050350189209,,,59.715
72.407,34.016,1.2372126579284668,2.29050350189209,,,59.715
72.454,34.016,1.2372126579284668,2.29050350189209,,,59.715
72.454,34.016,1.2372126579284668,2.29050350189209,,,59.715
72.500,34.016,1.2372126579284668,2.29050350189209,,,59.715
72.547,34.016,1.2372126579284668,2.29050350189209,,,59.715
72.563,34.016,1.2372126579284668,2.29050350189209,,,59.715
72.594,34.016,1.2372126579284668,2.29050350189209,,,59.715
72.657,34.016,1.2372126579284668,2.29050350189209,,,59.715
72.704,34.016,1.2372126579284668,2.29050350189209,,,59.715
72.704,34.016,1.2372126579284668,2.29050350189209,,,59.715
72.766,34.016,1.2372126579284668,2.29050350189209,,,59.715
72.766,34.016,1.2372126579284668,2.29050350189209,,,59.715
72.813,34.016,1.2372126579284668,2.29050350189209,,,59.715
72.829,34.016,1.2372126579284668,2.29050350189209,,,59.715
72.875,34.016,1.2372126579284668,2.29050350189209,,,59.715
72.875,34.016,1.2372126579284668,2.29050350189209,,,59.715
72.922,34.016,1.2372126579284668,2.29050350189209,,,59.715
72.969,34.016,1.2372126579284668,2.29050350189209,,,59.715
73.016,34.016,1.2372126579284668,2.29050350189209,,,59.715
73.016,34.016,1.2372126579284668,2.29050350189209,,,59.715
73.063,34.016,1.2372126579284668,2.29050350189209,,,59.715
73.110,34.016,1.2372126579284668,2.29050350189209,,,59.715
73.157,34.016,1.2372126579284668,2.29050350189209,,,59.715
73.157,34.016,1.2372126579284668,2.29050350189209,,,59.715
73.219,34.016,1.2372126579284668,2.29050350189209,,,59.715
73.266,34.016,1.2372126579284668,2.29050350189209,,,59.715
73.266,34.016,1.2372126579284668,2.29050350189209,,,59.715
73.313,34.016,1.2372126579284668,2.29050350189209,,,59.715
73.375,34.016,1.2372126579284668,2.29050350189209,,,59.715
73.375,34.016,1.2372126579284668,2.29050350189209,,,59.715
73.422,34.016,1.2372126579284668,2.29050350189209,,,59.715
73.422,34.016,1.2372126579284668,2.29050350189209,,,59.715
73.469,34.016,1.2372126579284668,2.29050350189209,,,59.715
73.516,34.016,1.2372126579284668,2.29050350189209,,,59.715
73.516,34.016,1.2372126579284668,2.29050350189209,,,59.715
73.579,34.016,1.2372126579284668,2.29050350189209,,,59.715
73.579,34.016,1.2372126579284668,2.29050350189209,,,59.715
73.625,34.016,1.2372126579284668,2.29050350189209,,,59.715
73.672,34.016,1.2372126579284668,2.29050350189209,,,59.715
73.672,34.016,1.2372126579284668,2.29050350189209,,,59.715
73.719,34.016,1.2372126579284668,2.29050350189209,,,59.715
73.766,34.016,1.2372126579284668,2.29050350189209,,,59.715
73.782,34.016,1.2372126579284668,2.29050350189209,,,59.715
73.829,34.016,1.2372126579284668,2.29050350189209,,,59.715
73.875,34.016,1.2372126579284668,2.29050350189209,,,59.715
73.922,34.016,1.2372126579284668,2.29050350189209,,,59.715
73.922,34.016,1.2372126579284668,2.29050350189209,,,59.715
73.969,34.016,1.2372126579284668,2.29050350189209,,,59.715
74.016,34.016,1.2372126579284668,2.29050350189209,,,59.715
74.032,34.016,1.2372126579284668,2.29050350189209,,,59.715
74.079,34.016,1.2372126579284668,2.29050350189209,,,59.715
74.079,34.016,1.2372126579284668,2.29050350189209,,,59.715
74.141,34.016,1.2372126579284668,2.29050350189209,,,59.715
74.141,34.016,1.2372126579284668,2.29050350189209,,,59.715
74.204,34.016,1.2372126579284668,2.29050350189209,,,59.715
74.204,34.016,1.2372126579284668,2.29050350189209,,,59.715
74.250,34.016,1.2372126579284668,2.29050350189209,,,59.715
74.297,34.016,1.2372126579284668,2.29050350189209,,,59.715
74.344,34.016,1.2372126579284668,2.29050350189209,,,59.715
74.375,34.016,1.2372126579284668,2.29050350189209,,,59.715
74.438,34.016,1.2372126579284668,2.29050350189209,,,59.715
74.438,34.016,1.2372126579284668,2.29050350189209,,,59.715
74.485,34.016,1.2372126579284668,2.29050350189209,,,59.715
74.500,34.016,1.2372126579284668,2.29050350189209,,,59.715
74.547,34.016,1.2372126579284668,2.29050350189209,,,59.715
74.594,34.016,1.2372126579284668,2.29050350189209,,,59.715
74.641,34.016,1.2372126579284668,2.29050350189209,,,59.715
74.641,34.016,1.2372126579284668,2.29050350189209,,,59.715
74.688,34.016,1.2372126579284668,2.29050350189209,,,59.715
74.735,34.016,1.2372126579284668,2.29050350189209,,,59.715
74.750,34.016,1.2372126579284668,2.29050350189209,,,59.715
74.797,34.016,1.2372126579284668,2.29050350189209,,,59.715
74.844,34.016,1.2372126579284668,2.29050350189209,,,59.715
74.844,34.016,1.2372126579284668,2.29050350189209,,,59.715
74.891,34.016,1.2372126579284668,2.29050350189209,,,59.715
74.891,34.016,1.2372126579284668,2.29050350189209,,,59.715
74.938,34.016,1.2372126579284668,2.29050350189209,,,59.715
74.985,34.016,1.2372126579284668,2.29050350189209,,,59.715
75.000,34.016,1.2372126579284668,2.29050350189209,,,59.715
75.047,34.016,1.2372126579284668,2.29050350189209,,,59.715
75.079,34.016,1.2372126579284668,2.29050350189209,,,59.715
75.125,34.016,1.2372126579284668,2.29050350189209,,,59.715
75.141,34.016,1.2372126579284668,2.29050350189209,,,59.715
75.188,34.016,1.2372126579284668,2.29050350189209,,,59.715
75.188,34.016,1.2372126579284668,2.29050350189209,,,59.715
75.235,34.016,1.2372126579284668,2.29050350189209,,,59.715
75.282,34.016,1.2372126579284668,2.29050350189209,,,59.715
75.297,34.016,1.2372126579284668,2.29050350189209,,,59.715
75.344,34.016,1.2372126579284668,2.29050350189209,,,59.715
75.407,34.016,1.2372126579284668,2.29050350189209,,,59.715
75.407,34.016,1.2372126579284668,2.29050350189209,,,59.715
75.454,34.016,1.2372126579284668,2.29050350189209,,,59.715
75.500,34.016,1.2372126579284668,2.29050350189209,,,59.715
75.500,34.016,1.2372126579284668,2.29050350189209,,,59.715
75.547,34.016,1.2372126579284668,2.29050350189209,,,59.715
75.594,34.016,1.2372126579284668,2.29050350189209,,,59.715
75.594,34.016,1.2372126579284668,2.29050350189209,,,59.715
75.641,34.016,1.2372126579284668,2.29050350189209,,,59.715
75.688,34.016,1.2372126579284668,2.29050350189209,,,59.715
75.735,34.016,1.2372126579284668,2.29050350189209,,,59.715
75.735,34.016,1.2372126579284668,2.29050350189209,,,59.715
75.782,34.016,1.2372126579284668,2.29050350189209,,,59.715
75.829,34.016,1.2372126579284668,2.29050350189209,,,59.715
75.875,34.016,1.2372126579284668,2.29050350189209,,,59.715
75.875,34.016,1.2372126579284668,2.29050350189209,,,59.715
75.922,34.016,1.2372126579284668,2.29050350189209,,,59.715
75.938,34.016,1.2372126579284668,2.29050350189209,,,59.715
75.985,34.016,1.2372126579284668,2.29050350189209,,,59.715
76.000,34.016,1.2372126579284668,2.29050350189209,,,59.715
76.047,34.016,1.2372126579284668,2.29050350189209,,,59.715
76.094,34.016,1.2372126579284668,2.29050350189209,,,59.715
76.141,34.016,1.2372126579284668,2.29050350189209,,,59.715
76.188,34.016,1.2372126579284668,2.29050350189209,,,59.715
76.188,34.016,1.2372126579284668,2.29050350189209,,,59.715
76.235,34.016,1.2372126579284668,2.29050350189209,,,59.715
76.282,34.016,1.2372126579284668,2.29050350189209,,,59.715
76.329,5.528,10.85439395904541,10.85439395904541,,,0.000
76.360,5.528,10.85439395904541,10.85439395904541,,,0.000
76.407,5.528,10.85439395904541,10.85439395904541,,,0.000
76.422,5.528,10.85439395904541,10.85439395904541,,,0.000
76.469,5.528,10.85439395904541,10.85439395904541,,,0.000
76.469,5.528,10.85439395904541,10.85439395904541,,,0.000
76.516,5.528,10.85439395904541,10.85439395904541,,,0.000
76.563,5.528,10.85439395904541,10.85439395904541,,,0.000
76.594,5.528,10.85439395904541,10.85439395904541,,,0.000
76.641,10.731,0.3281724452972412,10.85439395904541,,,188.261
76.688,10.731,0.3281724452972412,10.85439395904541,,,188.261
76.735,10.731,0.3281724452972412,10.85439395904541,,,188.261
76.766,10.731,0.3281724452972412,10.85439395904541,,,188.261
76.813,10.731,0.3281724452972412,10.85439395904541,,,188.261
76.860,10.731,0.3281724452972412,10.85439395904541,,,188.261
76.860,10.731,0.3281724452972412,10.85439395904541,,,188.261
76.907,10.731,0.3281724452972412,10.85439395904541,,,188.261
76.954,10.731,0.3281724452972412,10.85439395904541,,,188.261
76.954,10.731,0.3281724452972412,10.85439395904541,,,188.261
77.000,10.731,0.3281724452972412,10.85439395904541,,,188.261
77.047,10.731,0.3281724452972412,10.85439395904541,,,188.261
77.063,10.731,0.3281724452972412,10.85439395904541,,,188.261
77.094,10.731,0.3281724452972412,10.85439395904541,,,188.261
77.141,10.731,0.3281724452972412,10.85439395904541,,,188.261
77.204,10.731,0.3281724452972412,10.85439395904541,,,188.261
77.204,10.731,0.3281724452972412,10.85439395904541,,,188.261
77.250,10.731,0.3281724452972412,10.85439395904541,,,188.261
77.297,10.731,0.3281724452972412,10.85439395904541,,,188.261
77.313,10.731,0.3281724452972412,10.85439395904541,,,188.261
77.344,10.731,0.3281724452972412,10.85439395904541,,,188.261
77.407,10.731,0.3281724452972412,10.85439395904541,,,188.261
77.407,10.731,0.3281724452972412,10.85439395904541,,,188.261
77.454,10.731,0.3281724452972412,10.85439395904541,,,188.261
77.454,10.731,0.3281724452972412,10.85439395904541,,,188.261
77.500,10.731,0.3281724452972412,10.85439395904541,,,188.261
77.563,10.731,0.3281724452972412,10.85439395904541,,,188.261
77.563,10.731,0.3281724452972412,10.85439395904541,,,188.261
77.625,10.731,0.3281724452972412,10.85439395904541,,,188.261
77.641,10.731,0.3281724452972412,10.85439395904541,,,188.261
77.672,10.731,0.3281724452972412,10.85439395904541,,,188.261
77.735,10.731,0.3281724452972412,10.85439395904541,,,188.261
77.735,10.731,0.3281724452972412,10.85439395904541,,,188.261
77.782,10.731,0.3281724452972412,10.85439395904541,,,188.261
77.844,10.731,0.3281724452972412,10.85439395904541,,,188.261
77.844,10.731,0.3281724452972412,10.85439395904541,,,188.261
77.891,9.917,1.2457411289215088,10.85439395904541,,,158.819
77.907,9.917,1.2457411289215088,10.85439395904541,,,158.819
77.954,9.917,1.2457411289215088,10.85439395904541,,,158.819
77.954,9.917,1.2457411289215088,10.85439395904541,,,158.819
78.000,9.917,1.2457411289215088,10.85439395904541,,,158.819
78.047,9.917,1.2457411289215088,10.85439395904541,,,158.819
78.063,9.917,1.2457411289215088,10.85439395904541,,,158.819
78.110,9.917,1.2457411289215088,10.85439395904541,,,158.819
78.141,9.917,1.2457411289215088,10.85439395904541,,,158.819
78.188,9.917,1.2457411289215088,10.85439395904541,,,158.819
78.204,9.917,1.2457411289215088,10.85439395904541,,,158.819
78.250,9.917,1.2457411289215088,10.85439395904541,,,158.819
78.297,9.917,1.2457411289215088,10.85439395904541,,,158.819
78.297,9.917,1.2457411289215088,10.85439395904541,,,158.819
78.344,9.917,1.2457411289215088,10.85439395904541,,,158.819
78.360,9.917,1.2457411289215088,10.85439395904541,,,158.819
78.407,9.917,1.2457411289215088,10.85439395904541,,,158.819
78.454,9.917,1.2457411289215088,10.85439395904541,,,158.819
78.454,9.917,1.2457411289215088,10.85439395904541,,,158.819
78.500,9.917,1.2457411289215088,10.85439395904541,,,158.819
78.563,9.917,1.2457411289215088,10.85439395904541,,,158.819
78.563,9.917,1.2457411289215088,10.85439395904541,,,158.819
78.563,9.917,1.2457411289215088,10.85439395904541,,,158.819
78.610,9.917,1.2457411289215088,10.85439395904541,,,158.819
78.657,33.483,1.2457411289215088,2.3381426334381104,,,60.962
78.704,33.483,1.2457411289215088,2.3381426334381104,,,60.962
78.750,33.483,1.2457411289215088,2.3381426334381104,,,60.962
78.750,33.483,1.2457411289215088,2.3381426334381104,,,60.962
78.797,33.483,1.2457411289215088,2.3381426334381104,,,60.962
78.844,33.483,1.2457411289215088,2.3381426334381104,,,60.962
78.860,33.483,1.2457411289215088,2.3381426334381104,,,60.962
78.907,33.483,1.2457411289215088,2.3381426334381104,,,60.962
78.907,33.483,1.2457411289215088,2.3381426334381104,,,60.962
78.954,33.483,1.2457411289215088,2.3381426334381104,,,60.962
79.000,33.483,1.2457411289215088,2.3381426334381104,,,60.962
79.047,33.483,1.2457411289215088,2.3381426334381104,,,60.962
79.047,33.483,1.2457411289215088,2.3381426334381104,,,60.962
79.110,33.483,1.2457411289215088,2.3381426334381104,,,60.962
79.157,33.483,1.2457411289215088,2.3381426334381104,,,60.962
79.157,33.483,1.2457411289215088,2.3381426334381104,,,60.962
79.204,33.483,1.2457411289215088,2.3381426334381104,,,60.962
79.219,33.483,1.2457411289215088,2.3381426334381104,,,60.962
79.250,33.483,1.2457411289215088,2.3381426334381104,,,60.962
79.313,33.483,1.2457411289215088,2.3381426334381104,,,60.962
79.360,33.483,1.2457411289215088,2.3381426334381104,,,60.962
79.375,33.483,1.2457411289215088,2.3381426334381104,,,60.962
79.422,33.483,1.2457411289215088,2.3381426334381104,,,60.962
79.438,33.483,1.2457411289215088,2.3381426334381104,,,60.962
79.469,33.483,1.2457411289215088,2.3381426334381104,,,60.962
79.532,33.483,1.2457411289215088,2.3381426334381104,,,60.962
79.532,33.483,1.2457411289215088,2.3381426334381104,,,60.962
79.579,33.483,1.2457411289215088,2.3381426334381104,,,60.962
79.594,33.483,1.2457411289215088,2.3381426334381104,,,60.962
79.641,33.483,1.2457411289215088,2.3381426334381104,,,60.962
79.688,33.483,1.2457411289215088,2.3381426334381104,,,60.962
79.688,33.483,1.2457411289215088,2.3381426334381104,,,60.962
79.735,33.483,1.2457411289215088,2.3381426334381104,,,60.962
79.782,33.483,1.2457411289215088,2.3381426334381104,,,60.962
79.829,33.483,1.2457411289215088,2.3381426334381104,,,60.962
79.829,33.483,1.2457411289215088,2.3381426334381104,,,60.962
79.891,33.483,1.2457411289215088,2.3381426334381104,,,60.962
79.891,33.483,1.2457411289215088,2.3381426334381104,,,60.962
79.922,33.483,1.2457411289215088,2.3381426334381104,,,60.962
79.985,33.483,1.2457411289215088,2.3381426334381104,,,60.962
79.985,33.483,1.2457411289215088,2.3381426334381104,,,60.962
80.032,33.483,1.2457411289215088,2.3381426334381104,,,60.962
80.063,33.483,1.2457411289215088,2.3381426334381104,,,60.962
80.110,33.483,1.2457411289215088,2.3381426334381104,,,60.962
80.157,33.483,1.2457411289215088,2.3381426334381104,,,60.962
80.157,33.483,1.2457411289215088,2.3381426334381104,,,60.962
80.204,33.483,1.2457411289215088,2.3381426334381104,,,60.962
80.250,33.483,1.2457411289215088,2.3381426334381104,,,60.962
80.250,33.483,1.2457411289215088,2.3381426334381104,,,60.962
80.297,33.483,1.2457411289215088,2.3381426334381104,,,60.962
80.344,33.483,1.2457411289215088,2.3381426334381104,,,60.962
80.344,33.483,1.2457411289215088,2.3381426334381104,,,60.962
80.391,33.483,1.2457411289215088,2.3381426334381104,,,60.962
80.438,33.483,1.2457411289215088,2.3381426334381104,,,60.962
80.454,33.483,1.2457411289215088,2.3381426334381104,,,60.962
80.500,33.483,1.2457411289215088,2.3381426334381104,,,60.962
80.547,33.483,1.2457411289215088,2.3381426334381104,,,60.962
80.547,33.483,1.2457411289215088,2.3381426334381104,,,60.962
80.594,33.483,1.2457411289215088,2.3381426334381104,,,60.962
80.641,33.483,1.2457411289215088,2.3381426334381104,,,60.962
80.641,33.483,1.2457411289215088,2.3381426334381104,,,60.962
80.672,33.483,1.2457411289215088,2.3381426334381104,,,60.962
80.735,33.483,1.2457411289215088,2.3381426334381104,,,60.962
80.766,33.483,1.2457411289215088,2.3381426334381104,,,60.962
80.813,33.483,1.2457411289215088,2.3381426334381104,,,60.962
80.860,33.483,1.2457411289215088,2.3381426334381104,,,60.962
80.875,33.483,1.2457411289215088,2.3381426334381104,,,60.962
80.922,33.483,1.2457411289215088,2.3381426334381104,,,60.962
80.969,33.483,1.2457411289215088,2.3381426334381104,,,60.962
80.985,33.483,1.2457411289215088,2.3381426334381104,,,60.962
81.032,33.483,1.2457411289215088,2.3381426334381104,,,60.962
81.047,33.483,1.2457411289215088,2.3381426334381104,,,60.962
81.079,33.483,1.2457411289215088,2.3381426334381104,,,60.962
81.094,33.483,1.2457411289215088,2.3381426334381104,,,60.962
81.141,33.483,1.2457411289215088,2.3381426334381104,,,60.962
81.188,33.483,1.2457411289215088,2.3381426334381104,,,60.962
81.188,33.483,1.2457411289215088,2.3381426334381104,,,60.962
81.235,33.483,1.2457411289215088,2.3381426334381104,,,60.962
81.282,33.483,1.2457411289215088,2.3381426334381104,,,60.962
81.282,33.483,1.2457411289215088,2.3381426334381104,,,60.962
81.329,33.483,1.2457411289215088,2.3381426334381104,,,60.962
81.375,33.483,1.2457411289215088,2.3381426334381104,,,60.962
81.375,33.483,1.2457411289215088,2.3381426334381104,,,60.962
81.422,33.483,1.2457411289215088,2.3381426334381104,,,60.962
81.454,33.483,1.2457411289215088,2.3381426334381104,,,60.962
81.500,33.483,1.2457411289215088,2.3381426334381104,,,60.962
81.516,33.483,1.2457411289215088,2.3381426334381104,,,60.962
81.563,33.483,1.2457411289215088,2.3381426334381104,,,60.962
81.563,33.483,1.2457411289215088,2.3381426334381104,,,60.962
81.610,33.483,1.2457411289215088,2.3381426334381104,,,60.962
81.657,33.483,1.2457411289215088,2.3381426334381104,,,60.962
81.704,33.483,1.2457411289215088,2.3381426334381104,,,60.962
81.735,33.483,1.2457411289215088,2.3381426334381104,,,60.962
81.735,33.483,1.2457411289215088,2.3381426334381104,,,60.962
81.782,33.483,1.2457411289215088,2.3381426334381104,,,60.962
81.844,33.483,1.2457411289215088,2.3381426334381104,,,60.962
81.844,33.483,1.2457411289215088,2.3381426334381104,,,60.962
81.891,33.483,1.2457411289215088,2.3381426334381104,,,60.962
81.938,33.483,1.2457411289215088,2.3381426334381104,,,60.962
81.938,33.483,1.2457411289215088,2.3381426334381104,,,60.962
81.985,33.483,1.2457411289215088,2.3381426334381104,,,60.962
82.032,33.483,1.2457411289215088,2.3381426334381104,,,60.962
82.047,33.483,1.2457411289215088,2.3381426334381104,,,60.962
82.094,33.483,1.2457411289215088,2.3381426334381104,,,60.962
82.094,33.483,1.2457411289215088,2.3381426334381104,,,60.962
82.141,33.483,1.2457411289215088,2.3381426334381104,,,60.962
82.188,33.483,1.2457411289215088,2.3381426334381104,,,60.962
82.204,33.483,1.2457411289215088,2.3381426334381104,,,60.962
82.250,33.483,1.2457411289215088,2.3381426334381104,,,60.962
82.297,33.483,1.2457411289215088,2.3381426334381104,,,60.962
82.297,33.483,1.2457411289215088,2.3381426334381104,,,60.962
82.344,33.483,1.2457411289215088,2.3381426334381104,,,60.962
82.391,33.483,1.2457411289215088,2.3381426334381104,,,60.962
82.438,33.483,1.2457411289215088,2.3381426334381104,,,60.962
82.438,33.483,1.2457411289215088,2.3381426334381104,,,60.962
82.500,33.483,1.2457411289215088,2.3381426334381104,,,60.962
82.532,33.483,1.2457411289215088,2.3381426334381104,,,60.962
82.547,33.483,1.2457411289215088,2.3381426334381104,,,60.962
82.594,33.483,1.2457411289215088,2.3381426334381104,,,60.962
82.641,33.483,1.2457411289215088,2.3381426334381104,,,60.962
82.641,33.483,1.2457411289215088,2.3381426334381104,,,60.962
82.688,33.483,1.2457411289215088,2.3381426334381104,,,60.962
82.735,33.483,1.2457411289215088,2.3381426334381104,,,60.962
82.735,33.483,1.2457411289215088,2.3381426334381104,,,60.962
82.782,33.483,1.2457411289215088,2.3381426334381104,,,60.962
82.829,33.483,1.2457411289215088,2.3381426334381104,,,60.962
82.829,33.483,1.2457411289215088,2.3381426334381104,,,60.962
82.875,33.483,1.2457411289215088,2.3381426334381104,,,60.962
82.922,33.483,1.2457411289215088,2.3381426334381104,,,60.962
82.922,33.483,1.2457411289215088,2.3381426334381104,,,60.962
82.969,33.483,1.2457411289215088,2.3381426334381104,,,60.962
83.016,33.483,1.2457411289215088,2.3381426334381104,,,60.962
83.032,33.483,1.2457411289215088,2.3381426334381104,,,60.962
83.063,33.483,1.2457411289215088,2.3381426334381104,,,60.962
83.110,33.483,1.2457411289215088,2.3381426334381104,,,60.962
83.157,33.483,1.2457411289215088,2.3381426334381104,,,60.962
83.204,33.483,1.2457411289215088,2.3381426334381104,,,60.962
83.250,33.483,1.2457411289215088,2.3381426334381104,,,60.962
83.266,33.483,1.2457411289215088,2.3381426334381104,,,60.962
83.313,33.483,1.2457411289215088,2.3381426334381104,,,60.962
83.344,33.483,1.2457411289215088,2.3381426334381104,,,60.962
83.391,33.483,1.2457411289215088,2.3381426334381104,,,60.962
83.438,33.483,1.2457411289215088,2.3381426334381104,,,60.962
83.438,33.483,1.2457411289215088,2.3381426334381104,,,60.962
83.485,33.483,1.2457411289215088,2.3381426334381104,,,60.962
83.532,33.483,1.2457411289215088,2.3381426334381104,,,60.962
83.532,33.483,1.2457411289215088,2.3381426334381104,,,60.962
83.579,33.483,1.2457411289215088,2.3381426334381104,,,60.962
83.625,33.483,1.2457411289215088,2.3381426334381104,,,60.962
83.641,33.483,1.2457411289215088,2.3381426334381104,,,60.962
83.688,33.483,1.2457411289215088,2.3381426334381104,,,60.962
83.719,33.483,1.2457411289215088,2.3381426334381104,,,60.962
83.766,33.483,1.2457411289215088,2.3381426334381104,,,60.962
83.782,33.483,1.2457411289215088,2.3381426334381104,,,60.962
83.829,33.483,1.2457411289215088,2.3381426334381104,,,60.962
83.875,33.483,1.2457411289215088,2.3381426334381104,,,60.962
83.875,33.483,1.2457411289215088,2.3381426334381104,,,60.962
83.922,33.483,1.2457411289215088,2.3381426334381104,,,60.962
83.969,33.483,1.2457411289215088,2.3381426334381104,,,60.962
84.000,33.483,1.2457411289215088,2.3381426334381104,,,60.962
84.063,33.483,1.2457411289215088,2.3381426334381104,,,60.962
84.063,33.483,1.2457411289215088,2.3381426334381104,,,60.962
84.110,33.483,1.2457411289215088,2.3381426334381104,,,60.962
84.110,33.483,1.2457411289215088,2.3381426334381104,,,60.962
84.157,33.483,1.2457411289215088,2.3381426334381104,,,60.962
84.204,33.483,1.2457411289215088,2.3381426334381104,,,60.962
84.266,33.483,1.2457411289215088,2.3381426334381104,,,60.962
84.266,33.483,1.2457411289215088,2.3381426334381104,,,60.962
84.313,33.483,1.2457411289215088,2.3381426334381104,,,60.962
84.313,33.483,1.2457411289215088,2.3381426334381104,,,60.962
84.360,33.483,1.2457411289215088,2.3381426334381104,,,60.962
84.407,33.483,1.2457411289215088,2.3381426334381104,,,60.962
84.422,33.483,1.2457411289215088,2.3381426334381104,,,60.962
84.469,33.483,1.2457411289215088,2.3381426334381104,,,60.962
84.485,33.483,1.2457411289215088,2.3381426334381104,,,60.962
84.516,33.483,1.2457411289215088,2.3381426334381104,,,60.962
84.563,33.483,1.2457411289215088,2.3381426334381104,,,60.962
84.579,33.483,1.2457411289215088,2.3381426334381104,,,60.962
84.610,33.483,1.2457411289215088,2.3381426334381104,,,60.962
84.657,33.483,1.2457411289215088,2.3381426334381104,,,60.962
84.672,33.483,1.2457411289215088,2.3381426334381104,,,60.962
84.719,33.483,1.2457411289215088,2.3381426334381104,,,60.962
84.750,33.483,1.2457411289215088,2.3381426334381104,,,60.962
84.766,33.483,1.2457411289215088,2.3381426334381104,,,60.962
84.813,33.483,1.2457411289215088,2.3381426334381104,,,60.962
84.813,33.483,1.2457411289215088,2.3381426334381104,,,60.962
84.860,33.483,1.2457411289215088,2.3381426334381104,,,60.962
84.907,33.483,1.2457411289215088,2.3381426334381104,,,60.962
84.954,33.483,1.2457411289215088,2.3381426334381104,,,60.962
84.954,33.483,1.2457411289215088,2.3381426334381104,,,60.962
85.000,33.483,1.2457411289215088,2.3381426334381104,,,60.962
85.047,33.483,1.2457411289215088,2.3381426334381104,,,60.962
85.063,33.483,1.2457411289215088,2.3381426334381104,,,60.962
85.110,33.483,1.2457411289215088,2.3381426334381104,,,60.962
85.110,33.483,1.2457411289215088,2.3381426334381104,,,60.962
85.157,33.483,1.2457411289215088,2.3381426334381104,,,60.962
85.204,33.483,1.2457411289215088,2.3381426334381104,,,60.962
85.250,33.483,1.2457411289215088,2.3381426334381104,,,60.962
85.297,33.483,1.2457411289215088,2.3381426334381104,,,60.962
85.313,33.483,1.2457411289215088,2.3381426334381104,,,60.962
85.360,33.483,1.2457411289215088,2.3381426334381104,,,60.962
85.407,33.483,1.2457411289215088,2.3381426334381104,,,60.962
85.422,33.483,1.2457411289215088,2.3381426334381104,,,60.962
85.469,33.483,1.2457411289215088,2.3381426334381104,,,60.962
85.469,33.483,1.2457411289215088,2.3381426334381104,,,60.962
85.532,33.483,1.2457411289215088,2.3381426334381104,,,60.962
85.532,33.483,1.2457411289215088,2.3381426334381104,,,60.962
85.579,33.483,1.2457411289215088,2.3381426334381104,,,60.962
85.625,33.483,1.2457411289215088,2.3381426334381104,,,60.962
85.688,33.483,1.2457411289215088,2.3381426334381104,,,60.962
85.688,33.483,1.2457411289215088,2.3381426334381104,,,60.962
85.750,33.483,1.2457411289215088,2.3381426334381104,,,60.962
85.797,33.483,1.2457411289215088,2.3381426334381104,,,60.962
85.797,33.483,1.2457411289215088,2.3381426334381104,,,60.962
85.860,33.483,1.2457411289215088,2.3381426334381104,,,60.962
85.875,33.483,1.2457411289215088,2.3381426334381104,,,60.962
85.922,33.483,1.2457411289215088,2.3381426334381104,,,60.962
85.969,33.483,1.2457411289215088,2.3381426334381104,,,60.962
85.969,33.483,1.2457411289215088,2.3381426334381104,,,60.962
86.032,33.483,1.2457411289215088,2.3381426334381104,,,60.962
86.032,33.483,1.2457411289215088,2.3381426334381104,,,60.962
86.079,33.483,1.2457411289215088,2.3381426334381104,,,60.962
86.141,33.483,1.2457411289215088,2.3381426334381104,,,60.962
86.141,33.483,1.2457411289215088,2.3381426334381104,,,60.962
86.188,33.483,1.2457411289215088,2.3381426334381104,,,60.962
86.204,33.483,1.2457411289215088,2.3381426334381104,,,60.962
86.235,33.483,1.2457411289215088,2.3381426334381104,,,60.962
86.282,33.483,1.2457411289215088,2.3381426334381104,,,60.962
86.329,33.483,1.2457411289215088,2.3381426334381104,,,60.962
86.375,33.483,1.2457411289215088,2.3381426334381104,,,60.962
86.422,33.483,1.2457411289215088,2.3381426334381104,,,60.962
86.469,33.483,1.2457411289215088,2.3381426334381104,,,60.962
86.469,33.483,1.2457411289215088,2.3381426334381104,,,60.962
86.516,33.483,1.2457411289215088,2.3381426334381104,,,60.962
86.563,33.483,1.2457411289215088,2.3381426334381104,,,60.962
86.563,33.483,1.2457411289215088,2.3381426334381104,,,60.962
86.594,33.483,1.2457411289215088,2.3381426334381104,,,60.962
86.641,33.483,1.2457411289215088,2.3381426334381104,,,60.962
86.688,33.483,1.2457411289215088,2.3381426334381104,,,60.962
86.735,33.483,1.2457411289215088,2.3381426334381104,,,60.962
86.782,33.483,1.2457411289215088,2.3381426334381104,,,60.962
86.797,33.483,1.2457411289215088,2.3381426334381104,,,60.962
86.844,33.483,1.2457411289215088,2.3381426334381104,,,60.962
86.875,33.483,1.2457411289215088,2.3381426334381104,,,60.962
86.922,33.483,1.2457411289215088,2.3381426334381104,,,60.962
86.938,33.483,1.2457411289215088,2.3381426334381104,,,60.962
86.985,33.483,1.2457411289215088,2.3381426334381104,,,60.962
86.985,33.483,1.2457411289215088,2.3381426334381104,,,60.962
87.032,33.483,1.2457411289215088,2.3381426334381104,,,60.962
87.079,33.483,1.2457411289215088,2.3381426334381104,,,60.962
87.125,33.483,1.2457411289215088,2.3381426334381104,,,60.962
87.125,33.483,1.2457411289215088,2.3381426334381104,,,60.962
87.172,33.483,1.2457411289215088,2.3381426334381104,,,60.962
87.219,33.483,1.2457411289215088,2.3381426334381104,,,60.962
87.235,33.483,1.2457411289215088,2.3381426334381104,,,60.962
87.282,33.483,1.2457411289215088,2.3381426334381104,,,60.962
87.329,33.483,1.2457411289215088,2.3381426334381104,,,60.962
87.329,33.483,1.2457411289215088,2.3381426334381104,,,60.962
87.375,33.483,1.2457411289215088,2.3381426334381104,,,60.962
87.438,33.483,1.2457411289215088,2.3381426334381104,,,60.962
87.438,33.483,1.2457411289215088,2.3381426334381104,,,60.962
87.485,33.483,1.2457411289215088,2.3381426334381104,,,60.962
87.532,33.483,1.2457411289215088,2.3381426334381104,,,60.962
87.532,33.483,1.2457411289215088,2.3381426334381104,,,60.962
87.579,33.483,1.2457411289215088,2.3381426334381104,,,60.962
87.625,33.483,1.2457411289215088,2.3381426334381104,,,60.962
87.625,33.483,1.2457411289215088,2.3381426334381104,,,60.962
87.672,33.483,1.2457411289215088,2.3381426334381104,,,60.962
87.719,33.483,1.2457411289215088,2.3381426334381104,,,60.962
87.719,33.483,1.2457411289215088,2.3381426334381104,,,60.962
87.766,33.483,1.2457411289215088,2.3381426334381104,,,60.962
87.813,33.483,1.2457411289215088,2.3381426334381104,,,60.962
87.844,33.483,1.2457411289215088,2.3381426334381104,,,60.962
87.891,33.483,1.2457411289215088,2.3381426334381104,,,60.962
87.938,33.483,1.2457411289215088,2.3381426334381104,,,60.962
87.938,33.483,1.2457411289215088,2.3381426334381104,,,60.962
87.985,33.483,1.2457411289215088,2.3381426334381104,,,60.962
88.032,33.483,1.2457411289215088,2.3381426334381104,,,60.962
88.032,33.483,1.2457411289215088,2.3381426334381104,,,60.962
88.079,33.483,1.2457411289215088,2.3381426334381104,,,60.962
88.094,33.483,1.2457411289215088,2.3381426334381104,,,60.962
88.141,33.483,1.2457411289215088,2.3381426334381104,,,60.962
88.172,33.483,1.2457411289215088,2.3381426334381104,,,60.962
88.188,33.483,1.2457411289215088,2.3381426334381104,,,60.962
88.219,33.483,1.2457411289215088,2.3381426334381104,,,60.962
88.266,33.483,1.2457411289215088,2.3381426334381104,,,60.962
88.313,33.483,1.2457411289215088,2.3381426334381104,,,60.962
88.313,33.483,1.2457411289215088,2.3381426334381104,,,60.962
88.360,33.483,1.2457411289215088,2.3381426334381104,,,60.962
88.407,33.483,1.2457411289215088,2.3381426334381104,,,60.962
88.454,33.483,1.2457411289215088,2.3381426334381104,,,60.962
88.454,33.483,1.2457411289215088,2.3381426334381104,,,60.962
88.500,33.483,1.2457411289215088,2.3381426334381104,,,60.962
88.547,33.483,1.2457411289215088,2.3381426334381104,,,60.962
88.594,33.483,1.2457411289215088,2.3381426334381104,,,60.962
88.641,33.483,1.2457411289215088,2.3381426334381104,,,60.962
88.657,33.483,1.2457411289215088,2.3381426334381104,,,60.962
88.704,33.483,1.2457411289215088,2.3381426334381104,,,60.962
88.704,33.483,1.2457411289215088,2.3381426334381104,,,60.962
88.766,33.483,1.2457411289215088,2.3381426334381104,,,60.962
88.829,33.483,1.2457411289215088,2.3381426334381104,,,60.962
88.829,33.483,1.2457411289215088,2.3381426334381104,,,60.962
88.875,33.483,1.2457411289215088,2.3381426334381104,,,60.962
88.922,33.483,1.2457411289215088,2.3381426334381104,,,60.962
88.969,33.483,1.2457411289215088,2.3381426334381104,,,60.962
89.016,33.483,1.2457411289215088,2.3381426334381104,,,60.962
89.063,33.483,1.2457411289215088,2.3381426334381104,,,60.962
89.110,33.483,1.2457411289215088,2.3381426334381104,,,60.962
89.110,33.483,1.2457411289215088,2.3381426334381104,,,60.962
89.157,33.483,1.2457411289215088,2.3381426334381104,,,60.962
89.204,33.483,1.2457411289215088,2.3381426334381104,,,60.962
89.250,33.483,1.2457411289215088,2.3381426334381104,,,60.962
89.266,33.483,1.2457411289215088,2.3381426334381104,,,60.962
89.297,33.483,1.2457411289215088,2.3381426334381104,,,60.962
89.360,33.483,1.2457411289215088,2.3381426334381104,,,60.962
89.360,33.483,1.2457411289215088,2.3381426334381104,,,60.962
89.407,33.483,1.2457411289215088,2.3381426334381104,,,60.962
89.407,33.483,1.2457411289215088,2.3381426334381104,,,60.962
89.454,33.483,1.2457411289215088,2.3381426334381104,,,60.962
89.500,33.483,1.2457411289215088,2.3381426334381104,,,60.962
89.500,33.483,1.2457411289215088,2.3381426334381104,,,60.962
89.547,33.483,1.2457411289215088,2.3381426334381104,,,60.962
89.594,33.483,1.2457411289215088,2.3381426334381104,,,60.962
89.641,33.483,1.2457411289215088,2.3381426334381104,,,60.962
89.688,33.483,1.2457411289215088,2.3381426334381104,,,60.962
89.688,33.483,1.2457411289215088,2.3381426334381104,,,60.962
89.735,33.483,1.2457411289215088,2.3381426334381104,,,60.962
89.766,33.483,1.2457411289215088,2.3381426334381104,,,60.962
89.813,33.483,1.2457411289215088,2.3381426334381104,,,60.962
89.860,33.483,1.2457411289215088,2.3381426334381104,,,60.962
89.860,33.483,1.2457411289215088,2.3381426334381104,,,60.962
89.922,33.483,1.2457411289215088,2.3381426334381104,,,60.962
89.922,33.483,1.2457411289215088,2.3381426334381104,,,60.962
89.985,33.483,1.2457411289215088,2.3381426334381104,,,60.962
89.985,33.483,1.2457411289215088,2.3381426334381104,,,60.962
90.032,33.483,1.2457411289215088,2.3381426334381104,,,60.962
90.079,33.483,1.2457411289215088,2.3381426334381104,,,60.962
90.094,33.483,1.2457411289215088,2.3381426334381104,,,60.962
90.141,33.483,1.2457411289215088,2.3381426334381104,,,60.962
90.157,33.483,1.2457411289215088,2.3381426334381104,,,60.962
90.188,33.483,1.2457411289215088,2.3381426334381104,,,60.962
90.235,33.483,1.2457411289215088,2.3381426334381104,,,60.962
90.235,33.483,1.2457411289215088,2.3381426334381104,,,60.962
90.282,33.483,1.2457411289215088,2.3381426334381104,,,60.962
90.344,33.483,1.2457411289215088,2.3381426334381104,,,60.962
90.344,33.483,1.2457411289215088,2.3381426334381104,,,60.962
90.391,33.483,1.2457411289215088,2.3381426334381104,,,60.962
90.438,33.483,1.2457411289215088,2.3381426334381104,,,60.962
90.485,33.483,1.2457411289215088,2.3381426334381104,,,60.962
90.532,33.483,1.2457411289215088,2.3381426334381104,,,60.962
90.579,33.483,1.2457411289215088,2.3381426334381104,,,60.962
90.610,33.483,1.2457411289215088,2.3381426334381104,,,60.962
90.625,33.483,1.2457411289215088,2.3381426334381104,,,60.962
90.672,33.483,1.2457411289215088,2.3381426334381104,,,60.962
90.719,33.483,1.2457411289215088,2.3381426334381104,,,60.962
90.735,33.483,1.2457411289215088,2.3381426334381104,,,60.962
90.782,33.483,1.2457411289215088,2.3381426334381104,,,60.962
90.813,33.483,1.2457411289215088,2.3381426334381104,,,60.962
90.875,33.483,1.2457411289215088,2.3381426334381104,,,60.962
90.922,33.483,1.2457411289215088,2.3381426334381104,,,60.962
90.969,33.483,1.2457411289215088,2.3381426334381104,,,60.962
90.969,33.483,1.2457411289215088,2.3381426334381104,,,60.962
91.016,33.483,1.2457411289215088,2.3381426334381104,,,60.962
91.063,33.483,1.2457411289215088,2.3381426334381104,,,60.962
91.110,33.483,1.2457411289215088,2.3381426334381104,,,60.962
91.157,33.483,1.2457411289215088,2.3381426334381104,,,60.962
91.204,33.483,1.2457411289215088,2.3381426334381104,,,60.962
91.204,33.483,1.2457411289215088,2.3381426334381104,,,60.962
91.250,33.483,1.2457411289215088,2.3381426334381104,,,60.962
91.266,33.483,1.2457411289215088,2.3381426334381104,,,60.962
91.297,33.483,1.2457411289215088,2.3381426334381104,,,60.962
91.344,33.483,1.2457411289215088,2.3381426334381104,,,60.962
91.391,33.483,1.2457411289215088,2.3381426334381104,,,60.962
91.391,33.483,1.2457411289215088,2.3381426334381104,,,60.962
91.454,33.483,1.2457411289215088,2.3381426334381104,,,60.962
91.454,33.483,1.2457411289215088,2.3381426334381104,,,60.962
91.500,33.483,1.2457411289215088,2.3381426334381104,,,60.962
91.547,33.483,1.2457411289215088,2.3381426334381104,,,60.962
91.594,33.483,1.2457411289215088,2.3381426334381104,,,60.962
91.625,33.483,1.2457411289215088,2.3381426334381104,,,60.962
91.672,33.483,1.2457411289215088,2.3381426334381104,,,60.962
91.672,33.483,1.2457411289215088,2.3381426334381104,,,60.962
91.735,33.483,1.2457411289215088,2.3381426334381104,,,60.962
91.782,33.483,1.2457411289215088,2.3381426334381104,,,60.962
91.782,33.483,1.2457411289215088,2.3381426334381104,,,60.962
91.844,33.483,1.2457411289215088,2.3381426334381104,,,60.962
91.844,33.483,1.2457411289215088,2.3381426334381104,,,60.962
91.891,33.483,1.2457411289215088,2.3381426334381104,,,60.962
91.938,33.483,1.2457411289215088,2.3381426334381104,,,60.962
91.985,33.483,1.2457411289215088,2.3381426334381104,,,60.962
91.985,33.483,1.2457411289215088,2.3381426334381104,,,60.962
92.032,33.483,1.2457411289215088,2.3381426334381104,,,60.962
92.047,33.483,1.2457411289215088,2.3381426334381104,,,60.962
92.094,33.483,1.2457411289215088,2.3381426334381104,,,60.962
92.141,33.483,1.2457411289215088,2.3381426334381104,,,60.962
92.157,33.483,1.2457411289215088,2.3381426334381104,,,60.962
92.204,33.483,1.2457411289215088,2.3381426334381104,,,60.962
92.204,33.483,1.2457411289215088,2.3381426334381104,,,60.962
92.266,33.483,1.2457411289215088,2.3381426334381104,,,60.962
92.266,33.483,1.2457411289215088,2.3381426334381104,,,60.962
92.313,33.483,1.2457411289215088,2.3381426334381104,,,60.962
92.375,33.483,1.2457411289215088,2.3381426334381104,,,60.962
92.375,33.483,1.2457411289215088,2.3381426334381104,,,60.962
92.422,33.483,1.2457411289215088,2.3381426334381104,,,60.962
92.454,33.483,1.2457411289215088,2.3381426334381104,,,60.962
92.500,33.483,1.2457411289215088,2.3381426334381104,,,60.962
92.547,33.483,1.2457411289215088,2.3381426334381104,,,60.962
92.579,33.483,1.2457411289215088,2.3381426334381104,,,60.962
92.594,33.483,1.2457411289215088,2.3381426334381104,,,60.962
92.625,33.483,1.2457411289215088,2.3381426334381104,,,60.962
92.672,33.483,1.2457411289215088,2.3381426334381104,,,60.962
92.719,33.483,1.2457411289215088,2.3381426334381104,,,60.962
92.766,33.483,1.2457411289215088,2.3381426334381104,,,60.962
92.813,33.483,1.2457411289215088,2.3381426334381104,,,60.962
92.860,33.483,1.2457411289215088,2.3381426334381104,,,60.962
92.907,33.483,1.2457411289215088,2.3381426334381104,,,60.962
92.907,33.483,1.2457411289215088,2.3381426334381104,,,60.962
92.954,33.483,1.2457411289215088,2.3381426334381104,,,60.962
93.000,33.483,1.2457411289215088,2.3381426334381104,,,60.962
93.047,33.483,1.2457411289215088,2.3381426334381104,,,60.962
93.047,33.483,1.2457411289215088,2.3381426334381104,,,60.962
93.094,33.483,1.2457411289215088,2.3381426334381104,,,60.962
93.141,33.483,1.2457411289215088,2.3381426334381104,,,60.962
93.141,33.483,1.2457411289215088,2.3381426334381104,,,60.962
93.188,33.483,1.2457411289215088,2.3381426334381104,,,60.962
93.188,33.483,1.2457411289215088,2.3381426334381104,,,60.962
93.250,33.483,1.2457411289215088,2.3381426334381104,,,60.962
93.250,33.483,1.2457411289215088,2.3381426334381104,,,60.962
93.297,33.483,1.2457411289215088,2.3381426334381104,,,60.962
93.344,33.483,1.2457411289215088,2.3381426334381104,,,60.962
93.391,33.483,1.2457411289215088,2.3381426334381104,,,60.962
93.438,33.483,1.2457411289215088,2.3381426334381104,,,60.962
93.438,33.483,1.2457411289215088,2.3381426334381104,,,60.962
93.500,33.483,1.2457411289215088,2.3381426334381104,,,60.962
93.563,33.483,1.2457411289215088,2.3381426334381104,,,60.962
93.563,33.483,1.2457411289215088,2.3381426334381104,,,60.962
93.625,33.483,1.2457411289215088,2.3381426334381104,,,60.962
93.625,33.483,1.2457411289215088,2.3381426334381104,,,60.962
93.688,33.483,1.2457411289215088,2.3381426334381104,,,60.962
93.688,33.483,1.2457411289215088,2.3381426334381104,,,60.962
93.750,33.483,1.2457411289215088,2.3381426334381104,,,60.962
93.797,33.483,1.2457411289215088,2.3381426334381104,,,60.962
93.813,33.483,1.2457411289215088,2.3381426334381104,,,60.962
93.875,33.483,1.2457411289215088,2.3381426334381104,,,60.962
93.938,33.483,1.2457411289215088,2.3381426334381104,,,60.962
93.938,33.483,1.2457411289215088,2.3381426334381104,,,60.962
93.985,33.483,1.2457411289215088,2.3381426334381104,,,60.962
93.985,33.483,1.2457411289215088,2.3381426334381104,,,60.962
94.032,33.483,1.2457411289215088,2.3381426334381104,,,60.962
94.094,33.483,1.2457411289215088,2.3381426334381104,,,60.962
94.094,33.483,1.2457411289215088,2.3381426334381104,,,60.962
94.141,33.483,1.2457411289215088,2.3381426334381104,,,60.962
94.141,33.483,1.2457411289215088,2.3381426334381104,,,60.962
94.188,33.483,1.2457411289215088,2.3381426334381104,,,60.962
94.204,33.483,1.2457411289215088,2.3381426334381104,,,60.962
94.250,33.483,1.2457411289215088,2.3381426334381104,,,60.962
94.297,33.483,1.2457411289215088,2.3381426334381104,,,60.962
94.391,33.483,1.2457411289215088,2.3381426334381104,,,60.962
94.438,33.483,1.2457411289215088,2.3381426334381104,,,60.962
94.438,33.483,1.2457411289215088,2.3381426334381104,,,60.962
94.438,33.483,1.2457411289215088,2.3381426334381104,,,60.962
94.438,33.483,1.2457411289215088,2.3381426334381104,,,60.962
