t,joint_name,side,angle_deg
23.343,shoulder_L_abd,L,19.816778307161144
23.437,shoulder_L_abd,L,19.80788137825678
23.500,shoulder_R_abd,R,26.38045885735688
23.562,shoulder_L_abd,L,19.455149012279897
23.625,shoulder_L_abd,L,19.553221227856998
23.687,shoulder_L_abd,L,18.84752446509763
23.750,shoulder_R_abd,R,26.503062035178086
23.828,shoulder_L_abd,L,19.24167438191532
23.828,shoulder_R_abd,R,27.34862882509378
23.890,shoulder_R_abd,R,26.8889002971485
23.953,shoulder_L_abd,L,18.984347170845513
23.953,shoulder_R_abd,R,27.09976391915421
24.031,shoulder_R_abd,R,26.44690307203393
24.093,shoulder_L_abd,L,19.50127784813966
24.093,shoulder_R_abd,R,27.01619057194626
24.156,shoulder_R_abd,R,26.240684192245403
24.421,shoulder_R_abd,R,26.176726875148628
24.484,shoulder_R_abd,R,26.364936689408133
24.625,shoulder_R_abd,R,27.051489859488306
24.703,shoulder_L_abd,L,19.44472885605537
24.765,shoulder_R_abd,R,26.760139720766965
24.828,shoulder_L_abd,L,18.823142221632512
24.828,shoulder_R_abd,R,26.787894257151812
24.890,shoulder_L_abd,L,19.787776113708418
24.890,shoulder_R_abd,R,28.014854082770192
24.968,shoulder_R_abd,R,27.539456308283114
25.031,shoulder_R_abd,R,26.215059909956132
25.093,shoulder_L_abd,L,23.968506656810526
25.093,shoulder_R_abd,R,27.910390054018862
25.218,shoulder_R_abd,R,32.87803089037422
25.281,shoulder_L_abd,L,38.94797091447449
25.281,shoulder_R_abd,R,37.67745572749682
25.375,shoulder_L_abd,L,43.64862690453255
25.375,shoulder_R_abd,R,43.16244648220297
25.437,shoulder_L_abd,L,49.45035529837499
25.437,shoulder_R_abd,R,50.96859998533022
25.500,shoulder_L_abd,L,63.16329589973365
25.500,shoulder_R_abd,R,65.22487094010752
25.562,shoulder_L_abd,L,76.40808388471321
25.562,shoulder_R_abd,R,72.49504281835102
25.625,elbow_left,-,129.80613587654136
25.703,elbow_left,-,141.44770982681854
25.703,elbow_right,-,154.55602011028705
25.765,elbow_right,-,158.77877306399287
25.828,elbow_left,-,156.0115016281333
25.828,elbow_right,-,161.06028827301603
25.890,elbow_left,-,156.36497822962394
25.890,elbow_right,-,160.4334363290571
25.953,elbow_left,-,156.4894083426444
25.953,elbow_right,-,159.78235168791508
26.015,elbow_left,-,157.56425576408853
26.015,elbow_right,-,160.57203054583925
26.109,elbow_left,-,159.28875152316064
26.109,elbow_right,-,161.358797125196
26.171,elbow_left,-,158.46346992397096
26.171,elbow_right,-,162.61585696144587
26.234,elbow_left,-,156.59869650341466
26.234,elbow_right,-,162.4439464075644
26.296,elbow_left,-,155.62304606955826
26.296,elbow_right,-,160.68487428032418
26.359,elbow_left,-,156.72407158167445
26.359,elbow_right,-,160.74281852724772
26.421,elbow_left,-,155.5501035137221
26.421,elbow_right,-,160.82437315199513
26.500,elbow_left,-,156.28693503753647
26.500,elbow_right,-,162.25683396374887
26.562,elbow_left,-,155.82164314237892
26.562,elbow_right,-,161.227539014214
26.625,elbow_left,-,156.1879521247793
26.625,elbow_right,-,160.7294135944217
26.703,elbow_left,-,155.7173949595607
26.703,elbow_right,-,161.47692975898283
26.765,elbow_left,-,155.46414541732827
26.765,elbow_right,-,160.75707175931578
26.843,elbow_left,-,155.934362429038
26.843,elbow_right,-,163.63916558659716
26.906,elbow_left,-,153.79408731836247
26.906,elbow_right,-,161.5219924429699
26.968,elbow_left,-,154.19489626774111
26.968,elbow_right,-,162.48414943666586
27.031,elbow_left,-,155.32893138467918
27.031,elbow_right,-,162.663882618778
27.093,elbow_left,-,155.23069742233236
27.093,elbow_right,-,161.95911461464297
27.156,elbow_left,-,153.39857553493195
27.156,elbow_right,-,162.58942681522163
27.234,elbow_left,-,154.669153880221
27.234,elbow_right,-,162.5302542384108
27.296,elbow_left,-,153.73379192209035
27.296,elbow_right,-,161.38535483493547
27.359,elbow_left,-,154.51791562700984
27.359,elbow_right,-,159.7619255902062
27.437,elbow_left,-,154.61892119258556
27.437,elbow_right,-,162.38221181921955
27.500,elbow_left,-,154.58042636352144
27.500,elbow_right,-,162.86348899300654
27.562,elbow_left,-,154.7292857975008
27.562,elbow_right,-,160.96601790159613
27.640,elbow_left,-,154.81972315132816
27.640,elbow_right,-,162.06469059520748
27.703,elbow_left,-,154.4430531145694
27.703,elbow_right,-,161.41028860140887
27.765,elbow_left,-,155.25603550474597
27.765,elbow_right,-,162.30987114862054
27.828,elbow_left,-,154.2487665715491
27.828,elbow_right,-,160.04473043417258
27.890,elbow_left,-,154.4644430129705
27.890,elbow_right,-,161.52296223437492
27.968,elbow_left,-,155.60025226566202
27.968,elbow_right,-,161.4131169637982
28.031,elbow_left,-,155.28891255792087
28.031,elbow_right,-,162.2665074588667
28.109,elbow_left,-,154.47132839728093
28.109,elbow_right,-,160.8975474271396
28.171,elbow_left,-,154.3709999554381
28.171,elbow_right,-,162.09190329597396
28.234,elbow_left,-,152.4668891412017
28.234,elbow_right,-,161.5645154550733
28.296,elbow_left,-,154.59716313030077
28.296,elbow_right,-,161.0867473737636
28.375,elbow_left,-,152.8547284260659
28.375,elbow_right,-,161.55436692734665
28.437,elbow_left,-,156.0828765393456
28.437,elbow_right,-,162.9853416172897
28.500,elbow_left,-,155.19917087429315
28.500,elbow_right,-,162.61358248433686
28.562,elbow_left,-,154.37457680569793
28.562,elbow_right,-,161.97455917416946
28.625,elbow_left,-,152.25294314280166
28.625,elbow_right,-,163.14717034872692
28.703,elbow_left,-,153.42933525882975
28.703,elbow_right,-,162.8039337344805
28.781,elbow_left,-,154.15080222740815
28.781,elbow_right,-,163.142989070802
28.843,elbow_left,-,154.2217554877727
28.843,elbow_right,-,163.02981745660287
28.906,elbow_left,-,154.20144776601398
28.906,elbow_right,-,161.98329100914015
28.968,elbow_left,-,154.0744598981859
28.968,elbow_right,-,162.10980423225047
29.031,elbow_left,-,152.62788980552097
29.031,elbow_right,-,161.51571153905385
29.093,elbow_left,-,153.7411934830412
29.093,elbow_right,-,162.39065374907557
29.171,elbow_left,-,152.46770919868678
29.171,elbow_right,-,163.77447790643868
29.234,elbow_left,-,153.7845458129908
29.234,elbow_right,-,163.40937648178522
29.296,elbow_left,-,153.16284090758234
29.296,elbow_right,-,163.41334782355523
29.375,elbow_left,-,153.02253138657295
29.375,elbow_right,-,163.83479324448157
29.437,elbow_left,-,152.6908112023241
29.437,elbow_right,-,163.8466346521529
29.515,elbow_left,-,152.35287644561112
29.515,elbow_right,-,163.4618800216358
29.578,elbow_left,-,153.06765270211199
29.578,elbow_right,-,164.17135152871015
29.640,elbow_left,-,152.56347836702489
29.640,elbow_right,-,162.80110385881258
29.703,elbow_left,-,152.87181455093574
29.703,elbow_right,-,164.9603447173365
29.765,elbow_left,-,152.93194963969853
29.765,elbow_right,-,163.76240680701235
29.828,elbow_left,-,151.7590550525917
29.828,elbow_right,-,163.81944266257722
29.906,elbow_left,-,153.05443077264303
29.906,elbow_right,-,163.3033530739307
29.968,elbow_left,-,152.96321675455079
29.968,elbow_right,-,162.31959521945743
30.046,elbow_left,-,152.20106843317922
30.046,elbow_right,-,158.50844836100381
30.109,elbow_left,-,67.34489244925575
30.109,elbow_right,-,152.71596659964771
30.171,shoulder_L_abd,L,143.09689883186473
30.171,shoulder_R_abd,R,124.42014064253429
30.234,elbow_right,-,118.11216252428618
30.312,shoulder_L_abd,L,157.5846667053214
30.312,shoulder_R_abd,R,124.38053497285567
30.375,elbow_right,-,81.30913520607741
30.437,shoulder_R_abd,R,110.67161130149142
30.640,shoulder_R_abd,R,39.409926156620145
30.718,shoulder_R_abd,R,52.81026753931213
30.781,elbow_left,-,82.39214804433571
30.843,elbow_left,-,83.20780007573545
30.843,elbow_right,-,123.67158311773143
30.906,elbow_right,-,112.94680487755865
31.046,shoulder_L_abd,L,57.695946643047954
31.046,shoulder_R_abd,R,79.26607754122183
31.109,elbow_right,-,7.669614144072186
31.171,shoulder_L_abd,L,148.1624099480298
31.171,shoulder_R_abd,R,104.38543792855296
31.234,elbow_left,-,95.34609064712832
31.234,elbow_right,-,88.45888914015593
31.296,elbow_left,-,104.41497237386979
31.296,elbow_right,-,132.00732230322208
31.375,elbow_left,-,126.01597016563987
31.375,elbow_right,-,148.23322128900395
31.453,elbow_left,-,140.30976068018737
31.453,elbow_right,-,158.40626344406138
31.515,elbow_right,-,162.32105708805312
31.578,elbow_right,-,161.4084675271476
31.640,elbow_right,-,162.38264059287286
31.703,elbow_left,-,143.51842698987468
31.703,elbow_right,-,160.3643850759379
31.781,elbow_left,-,124.67905239459895
31.781,elbow_right,-,154.37373979681024
31.843,elbow_right,-,141.36196752037358
31.906,elbow_left,-,38.597666795672865
31.968,elbow_left,-,174.39870321474626
32.046,elbow_left,-,152.30669289944782
32.109,elbow_left,-,159.86511770740563
32.187,elbow_left,-,158.86170813572815
32.250,elbow_left,-,164.15336959482144
32.437,elbow_left,-,162.62759967986784
32.500,elbow_left,-,161.46577461446648
32.703,elbow_left,-,121.10917273698651
32.703,elbow_right,-,99.21932594528194
32.781,shoulder_R_abd,R,150.19955025548103
32.843,elbow_left,-,51.24838979905614
32.843,elbow_right,-,91.53118516221464
32.921,elbow_left,-,48.7922805551047
32.984,shoulder_L_abd,L,72.26334473380595
32.984,shoulder_R_abd,R,112.57065355475957
33.046,elbow_right,-,143.78361911196117
33.109,elbow_right,-,155.7047421033558
33.171,shoulder_L_abd,L,81.535236197904
33.171,shoulder_R_abd,R,96.88260739195697
33.234,shoulder_L_abd,L,85.15882112974724
33.234,shoulder_R_abd,R,95.98252519669536
33.328,shoulder_L_abd,L,86.73326123442368
33.328,shoulder_R_abd,R,99.2777415101976
33.375,shoulder_L_abd,L,90.62425183332479
33.375,shoulder_R_abd,R,100.1595337986802
33.453,shoulder_L_abd,L,93.38943299182205
33.453,shoulder_R_abd,R,100.96879322547113
33.515,shoulder_L_abd,L,96.73314460947091
33.515,shoulder_R_abd,R,102.96375933607091
33.578,shoulder_L_abd,L,98.71373774552232
33.578,shoulder_R_abd,R,104.37374634338437
33.640,shoulder_L_abd,L,99.96678303723343
33.640,shoulder_R_abd,R,104.42400907717777
33.718,shoulder_L_abd,L,100.08209535593544
33.718,shoulder_R_abd,R,103.75408789628898
33.781,shoulder_L_abd,L,100.53370708651988
33.781,shoulder_R_abd,R,103.68847344092363
33.843,shoulder_L_abd,L,101.75778872623093
33.843,shoulder_R_abd,R,106.00107130381582
33.906,shoulder_L_abd,L,101.44177800806064
33.906,shoulder_R_abd,R,104.5365830199638
33.968,shoulder_L_abd,L,101.06399044200485
33.968,shoulder_R_abd,R,106.08071476507706
34.062,shoulder_L_abd,L,99.37231820042915
34.062,shoulder_R_abd,R,106.80611315307523
34.125,shoulder_L_abd,L,95.68790589515318
34.125,shoulder_R_abd,R,108.25690503992388
34.187,shoulder_L_abd,L,94.18251558753177
34.187,shoulder_R_abd,R,109.77544800689448
34.250,shoulder_L_abd,L,91.23801230309178
34.250,shoulder_R_abd,R,110.86729685866392
34.312,shoulder_L_abd,L,91.43922716996062
34.312,shoulder_R_abd,R,111.22788707483967
34.375,shoulder_L_abd,L,92.10213081738341
34.375,shoulder_R_abd,R,110.18587813107995
34.453,shoulder_L_abd,L,91.53657120224133
34.453,shoulder_R_abd,R,110.29716944182303
34.515,shoulder_L_abd,L,91.85029604395538
34.515,shoulder_R_abd,R,109.6867951119756
34.578,shoulder_L_abd,L,92.4011683037547
34.578,shoulder_R_abd,R,108.69303844646429
34.640,shoulder_L_abd,L,91.3469835899052
34.640,shoulder_R_abd,R,108.03537923513213
34.718,shoulder_L_abd,L,91.67383228752324
34.718,shoulder_R_abd,R,106.79695747286819
34.781,shoulder_L_abd,L,93.08555491920893
34.781,shoulder_R_abd,R,105.49496242819502
34.859,shoulder_L_abd,L,92.37014281294105
34.859,shoulder_R_abd,R,104.31700874316843
34.921,shoulder_L_abd,L,91.73073516239849
34.921,shoulder_R_abd,R,104.14686672183484
34.984,shoulder_L_abd,L,92.33851453712913
34.984,shoulder_R_abd,R,102.50062997864646
35.046,shoulder_L_abd,L,91.60812698544922
35.046,shoulder_R_abd,R,103.04394364640251
35.109,shoulder_L_abd,L,92.68865690739672
35.109,shoulder_R_abd,R,104.33375366680895
35.171,shoulder_L_abd,L,95.3557406414168
35.171,shoulder_R_abd,R,106.61102811218946
35.250,shoulder_L_abd,L,99.2818213002241
35.250,shoulder_R_abd,R,109.23403501914225
35.312,elbow_right,-,168.11581684272485
35.375,shoulder_L_abd,L,102.93254571909668
35.375,shoulder_R_abd,R,116.32807665833428
35.453,shoulder_L_abd,L,103.08085280565247
35.453,shoulder_R_abd,R,124.51283140377384
35.515,elbow_left,-,147.59680713556608
35.593,elbow_left,-,59.263889533521166
35.718,elbow_left,-,151.81215538935453
35.781,elbow_left,-,146.52824670128004
35.843,elbow_left,-,137.08993988836318
36.046,elbow_left,-,148.3612045777537
36.125,elbow_right,-,138.23134664631004
36.187,elbow_left,-,104.02769370158883
36.250,elbow_left,-,89.23549120951891
36.312,shoulder_R_abd,R,91.7971629133956
36.390,elbow_right,-,135.9968674344317
36.453,shoulder_L_abd,L,74.56164365417786
36.453,shoulder_R_abd,R,97.53788798855409
36.515,shoulder_L_abd,L,82.4246802214825
36.515,shoulder_R_abd,R,97.85033775018249
36.578,shoulder_L_abd,L,83.77132577614805
36.578,shoulder_R_abd,R,96.21322643147306
36.640,shoulder_L_abd,L,86.71985710254121
36.640,shoulder_R_abd,R,96.82977242914234
36.734,shoulder_L_abd,L,88.30730536937867
36.734,shoulder_R_abd,R,96.7331398811043
36.796,shoulder_L_abd,L,90.23843229345466
36.796,shoulder_R_abd,R,96.04147764843094
36.859,shoulder_L_abd,L,91.00062352474863
36.859,shoulder_R_abd,R,95.21952064128969
36.921,shoulder_L_abd,L,90.32473016924588
36.921,shoulder_R_abd,R,94.62479259346011
36.984,shoulder_L_abd,L,89.21558637991647
36.984,shoulder_R_abd,R,94.10180671310428
37.046,elbow_right,-,163.93545067586626
37.125,elbow_right,-,165.04886956852198
37.187,elbow_right,-,166.04498983787084
37.250,shoulder_L_abd,L,88.81685490214876
37.250,shoulder_R_abd,R,87.84530128884909
37.312,shoulder_L_abd,L,88.64748135384994
37.312,shoulder_R_abd,R,90.33145630831166
37.390,shoulder_L_abd,L,91.05436206411858
37.390,shoulder_R_abd,R,92.62995117344191
37.453,shoulder_L_abd,L,90.1006420687508
37.453,shoulder_R_abd,R,96.68804109192189
37.531,shoulder_L_abd,L,89.76537719697478
37.531,shoulder_R_abd,R,101.25623555702722
37.593,shoulder_L_abd,L,82.45362292219119
37.593,shoulder_R_abd,R,107.17825711480172
37.656,shoulder_R_abd,R,112.52852268366526
37.718,shoulder_L_abd,L,14.589493417676781
37.718,shoulder_R_abd,R,125.32705629437903
37.781,elbow_left,-,111.82886929541944
37.859,elbow_left,-,135.28728427392136
37.921,elbow_left,-,146.2354694909618
37.984,elbow_left,-,158.03485302923215
38.062,elbow_left,-,149.52960237913652
38.125,elbow_left,-,154.5567991184956
38.265,shoulder_L_abd,L,63.99346792358927
38.390,elbow_left,-,96.9877208503209
38.453,shoulder_L_abd,L,46.16031470188911
38.453,shoulder_R_abd,R,118.64064089247768
38.515,shoulder_R_abd,R,110.17469170819395
38.578,shoulder_L_abd,L,81.14248424413422
38.578,shoulder_R_abd,R,106.67044800127061
38.656,shoulder_L_abd,L,86.67513858659947
38.656,shoulder_R_abd,R,102.53032200451284
38.734,shoulder_L_abd,L,88.20673946686689
38.734,shoulder_R_abd,R,99.81783121724911
38.796,shoulder_L_abd,L,88.98784074740249
38.796,shoulder_R_abd,R,98.08751762113566
38.859,shoulder_L_abd,L,91.42823245938888
38.859,shoulder_R_abd,R,96.00639102946583
38.921,shoulder_L_abd,L,90.30051086489074
38.921,shoulder_R_abd,R,93.79671158040924
39.000,shoulder_L_abd,L,89.63209923069299
39.000,shoulder_R_abd,R,90.85164389147415
39.062,elbow_right,-,161.7746576106529
39.125,elbow_right,-,161.7823901234856
39.187,elbow_right,-,161.64534555684085
39.250,elbow_right,-,161.19475392173584
39.312,elbow_right,-,164.60959863864298
39.406,shoulder_L_abd,L,89.9347125021121
39.406,shoulder_R_abd,R,87.3012608382738
39.468,shoulder_L_abd,L,93.09840584513286
39.468,shoulder_R_abd,R,90.78130810208891
39.531,shoulder_L_abd,L,97.57869605102228
39.531,shoulder_R_abd,R,93.08716106268554
39.593,shoulder_L_abd,L,101.33020349633293
39.593,shoulder_R_abd,R,94.57478523319163
39.656,shoulder_L_abd,L,115.04850605854634
39.656,shoulder_R_abd,R,97.10070921059696
39.718,elbow_right,-,162.8753267262189
39.796,shoulder_L_abd,L,146.2378168290627
39.796,shoulder_R_abd,R,87.72792611557738
39.859,shoulder_R_abd,R,76.31723649362786
39.921,elbow_right,-,72.39996943516273
39.984,shoulder_R_abd,R,47.98576035280514
40.062,elbow_right,-,150.9935006705077
40.140,elbow_right,-,152.8051137054938
40.203,elbow_right,-,130.0934807527262
40.265,elbow_right,-,118.01078864538658
40.390,shoulder_R_abd,R,38.01787797697133
40.453,shoulder_R_abd,R,51.69192583207389
40.531,shoulder_L_abd,L,161.8540777366097
40.531,shoulder_R_abd,R,84.60436677946899
40.593,shoulder_R_abd,R,88.48769181402308
40.656,shoulder_L_abd,L,122.57612724088281
40.656,shoulder_R_abd,R,94.44744439440241
40.734,shoulder_L_abd,L,114.95185311594068
40.734,shoulder_R_abd,R,96.70172863736765
40.796,shoulder_L_abd,L,103.20867445203339
40.796,shoulder_R_abd,R,95.86870448711912
40.859,shoulder_L_abd,L,97.14975391580309
40.859,shoulder_R_abd,R,96.05603184853747
40.937,shoulder_L_abd,L,96.56722555437347
40.937,shoulder_R_abd,R,96.59521312067531
41.000,elbow_right,-,164.10132532732754
41.062,elbow_right,-,160.38739655851907
41.125,elbow_right,-,165.45171136728885
41.187,elbow_right,-,167.34948119422717
41.250,elbow_right,-,162.10928173736716
41.328,elbow_right,-,160.4150283196096
41.406,elbow_right,-,162.62020098541575
41.468,elbow_right,-,161.82156010112223
41.531,elbow_right,-,163.18373761781686
41.593,elbow_right,-,161.86697766894218
41.671,elbow_right,-,160.53627069475635
41.734,elbow_right,-,161.6162162910386
41.796,elbow_right,-,162.73297661117212
41.859,elbow_right,-,158.94435601298122
41.921,elbow_right,-,161.49419109292532
42.000,elbow_right,-,163.4238188924354
42.062,elbow_right,-,162.62275073160473
42.140,elbow_right,-,161.20061344413858
42.203,elbow_right,-,167.70398203256957
42.265,elbow_right,-,165.5782241497998
42.328,elbow_right,-,167.78351797258935
42.390,elbow_right,-,168.84517939299556
42.468,elbow_right,-,166.5483436172702
42.531,elbow_right,-,168.29424848643686
42.593,elbow_right,-,168.93380794026825
42.671,elbow_right,-,165.87766787973547
42.734,elbow_right,-,164.22595735714415
42.812,elbow_right,-,168.33454683206904
42.875,elbow_right,-,167.54451040990642
42.937,elbow_right,-,165.84299777905375
43.000,elbow_right,-,166.2335048496247
43.062,elbow_right,-,163.06749882485846
43.125,elbow_right,-,169.02622836254167
43.203,elbow_right,-,164.75552776389264
43.265,elbow_right,-,160.56856052735174
43.328,elbow_right,-,166.35579331046338
43.406,elbow_right,-,166.11033761360164
43.468,elbow_right,-,166.2318115083131
43.531,elbow_right,-,160.75263725313584
43.609,elbow_right,-,156.13901516321886
43.671,elbow_right,-,158.91097882606556
43.734,elbow_right,-,162.5993478357025
43.796,elbow_right,-,160.53441569731723
43.859,elbow_right,-,159.4004365960497
43.937,elbow_right,-,159.5618010130829
44.000,elbow_right,-,162.51528965448298
44.078,elbow_right,-,158.26303997295904
44.140,elbow_right,-,163.51718188416024
44.203,elbow_right,-,167.7693560721145
44.265,elbow_right,-,163.47942925248694
44.343,elbow_right,-,163.58695674231
44.406,elbow_right,-,164.07005136616988
44.468,elbow_right,-,166.83821251681945
44.531,shoulder_L_abd,L,93.00105836312711
44.531,shoulder_R_abd,R,83.32569162887003
44.593,shoulder_L_abd,L,93.46383813966342
44.593,shoulder_R_abd,R,84.02879419460616
44.656,shoulder_L_abd,L,95.52642566843224
44.656,shoulder_R_abd,R,84.71806057566283
44.750,shoulder_L_abd,L,94.62308589464799
44.750,shoulder_R_abd,R,86.9596856489626
44.812,shoulder_L_abd,L,93.907185045669
44.812,shoulder_R_abd,R,86.56978324953938
44.875,shoulder_L_abd,L,93.24219245956512
44.875,shoulder_R_abd,R,85.27703677450536
44.937,shoulder_L_abd,L,92.45371634850682
45.000,shoulder_L_abd,L,93.70094547807336
45.000,shoulder_R_abd,R,87.41358494360247
45.078,shoulder_L_abd,L,92.88223534500426
45.078,shoulder_R_abd,R,86.37580588259769
45.140,shoulder_L_abd,L,93.28632091219269
45.140,shoulder_R_abd,R,87.08015553814222
45.203,shoulder_L_abd,L,93.06982044163286
45.203,shoulder_R_abd,R,87.36728950895719
45.265,shoulder_L_abd,L,92.18374719145797
45.265,shoulder_R_abd,R,86.52655916551488
45.328,shoulder_L_abd,L,92.37014324019339
45.328,shoulder_R_abd,R,86.52498062513851
45.406,shoulder_L_abd,L,93.32490374645425
45.406,shoulder_R_abd,R,85.62914550243856
45.484,shoulder_L_abd,L,92.33607647915596
45.484,shoulder_R_abd,R,85.94944219709824
45.546,shoulder_L_abd,L,93.93847102981373
45.546,shoulder_R_abd,R,86.19088822789156
45.609,shoulder_L_abd,L,93.13874256636373
45.609,shoulder_R_abd,R,86.11248314524308
45.671,shoulder_L_abd,L,92.29062358585684
45.671,shoulder_R_abd,R,86.94456719727215
45.734,shoulder_L_abd,L,92.03964499928423
45.734,shoulder_R_abd,R,85.39214101756858
45.796,shoulder_L_abd,L,91.64568233870932
45.796,shoulder_R_abd,R,86.16671623876164
45.875,shoulder_R_abd,R,86.2661200633248
45.937,elbow_right,-,168.2323815045597
46.015,elbow_right,-,167.6470552111859
46.078,elbow_right,-,168.44615864834623
46.140,elbow_right,-,167.0284953875134
46.218,elbow_right,-,165.4703758959468
46.281,elbow_right,-,168.64859708884308
46.343,elbow_right,-,169.77947600455437
46.406,elbow_right,-,169.27622224586025
46.468,elbow_right,-,170.34954062471988
46.531,elbow_right,-,168.79227470601083
46.609,elbow_right,-,169.74675058799812
46.687,elbow_right,-,170.49506478472983
46.750,elbow_right,-,172.5640180031077
46.812,elbow_right,-,167.9901883267186
46.875,elbow_right,-,171.28652133686228
46.937,elbow_right,-,165.4667826483331
47.015,elbow_right,-,166.5626353869936
47.078,elbow_right,-,168.65382087973754
47.140,elbow_right,-,167.7567078955413
47.203,elbow_right,-,164.74223350035456
47.265,elbow_right,-,169.22996021183255
47.328,elbow_right,-,170.10653821514632
47.421,elbow_right,-,170.92493662277053
47.484,elbow_right,-,168.26192338020934
47.546,elbow_right,-,165.74665226329424
47.609,elbow_right,-,166.09096024643645
47.671,elbow_right,-,168.26460958815505
47.750,elbow_right,-,168.32762397780184
47.812,elbow_right,-,167.62327635227174
47.875,elbow_right,-,161.65414295477802
47.937,shoulder_L_abd,L,85.44595381599383
47.937,shoulder_R_abd,R,82.71209126199888
48.000,elbow_right,-,158.72613284019354
48.078,elbow_right,-,162.31132099964987
48.156,elbow_right,-,164.7465295299213
48.218,elbow_right,-,164.39586784639042
48.281,elbow_right,-,165.226550038558
48.343,elbow_right,-,163.2362885421315
48.406,elbow_right,-,165.96121833139932
48.468,elbow_right,-,165.30471082167207
48.546,elbow_right,-,166.6146405288777
48.609,elbow_right,-,164.9807313213185
48.671,elbow_right,-,164.43383591935856
48.750,elbow_right,-,165.04405203960823
48.812,elbow_right,-,169.38957760732416
48.890,elbow_right,-,165.95965572520075
48.953,elbow_right,-,167.82315396361722
49.015,elbow_right,-,168.0734707642765
49.078,elbow_right,-,168.4145208752561
49.140,elbow_right,-,165.41420831526133
49.203,elbow_right,-,169.15530472070313
49.281,elbow_right,-,165.53931958640962
49.343,elbow_right,-,165.53718629393393
49.421,elbow_right,-,167.72780237153648
49.484,elbow_right,-,170.4247180072828
49.546,elbow_right,-,169.85151767969384
49.609,elbow_right,-,168.21193619081615
49.687,elbow_right,-,171.41386519328873
49.750,elbow_right,-,170.04226590030203
49.812,elbow_right,-,168.3887356900116
49.875,elbow_right,-,167.63103820704077
49.937,elbow_right,-,169.18158274645734
50.031,elbow_right,-,169.970868529995
50.093,elbow_right,-,169.18045473216876
50.156,elbow_right,-,171.28947494917074
50.218,elbow_right,-,167.23560492784767
50.281,elbow_right,-,170.39433970280024
50.343,elbow_right,-,169.55831095394413
50.421,elbow_right,-,168.20785800617588
50.484,elbow_right,-,169.61092113709762
50.546,elbow_right,-,167.68670702958644
50.609,elbow_right,-,170.9284232194754
50.671,elbow_right,-,169.77114551180213
50.750,elbow_right,-,171.6024640725537
50.828,elbow_right,-,171.83309413724064
50.890,elbow_right,-,168.2518722666375
50.953,elbow_right,-,165.28954646282506
51.015,elbow_right,-,167.01484003078122
51.078,elbow_right,-,167.41022207932312
51.156,elbow_right,-,164.02880547870177
51.218,elbow_right,-,163.62227351935476
51.281,elbow_right,-,162.70886610255255
51.359,elbow_right,-,163.19200276787103
51.421,elbow_right,-,160.8491961851968
51.484,elbow_right,-,163.50195049532778
51.562,elbow_right,-,165.9378533254676
51.625,elbow_right,-,164.5542475975581
51.687,elbow_right,-,164.52689414120692
51.750,elbow_right,-,165.49176281794607
51.812,elbow_right,-,166.66634130508893
51.875,elbow_right,-,165.2978197049136
51.953,elbow_right,-,166.57377950826407
52.015,elbow_right,-,166.0956351181702
52.093,elbow_right,-,165.87253200949448
52.156,elbow_right,-,165.40940844269974
52.218,elbow_right,-,165.00956628830505
52.296,elbow_right,-,163.7952562601304
52.359,elbow_right,-,166.45639852070587
52.421,elbow_right,-,167.36990967797436
52.484,shoulder_L_abd,L,89.9907669615792
52.546,elbow_right,-,155.52235345373327
52.609,elbow_right,-,156.9118501890555
52.703,elbow_right,-,161.3368963126598
52.765,elbow_right,-,164.86570584677767
52.828,elbow_right,-,164.46961125198268
52.890,elbow_right,-,161.17260323970334
52.953,elbow_right,-,156.85060021754958
53.015,elbow_right,-,161.85428608344955
53.093,elbow_right,-,165.23478876297742
53.156,elbow_right,-,166.68191368331586
53.218,elbow_right,-,161.37761041000374
53.281,elbow_right,-,160.5025997324938
53.343,elbow_right,-,163.13075725411537
53.421,elbow_right,-,159.38929637340598
53.500,elbow_right,-,162.86288630408185
53.562,elbow_right,-,163.75010034581587
53.625,elbow_right,-,161.17194714954297
53.687,elbow_right,-,165.18227185494072
53.750,elbow_right,-,161.63590183538406
53.828,elbow_right,-,163.17724633784144
53.890,elbow_right,-,161.58252617122204
53.953,elbow_right,-,160.83828938178408
54.015,elbow_right,-,160.5080746240427
54.093,elbow_right,-,162.38059836681043
54.156,elbow_right,-,165.8590642863477
54.234,elbow_right,-,162.6560679605467
54.296,elbow_right,-,165.1525760079306
54.359,elbow_right,-,164.00636829236205
54.421,elbow_right,-,162.99715654342003
54.484,elbow_right,-,162.16599745548746
54.546,elbow_right,-,164.92901412291297
54.625,elbow_right,-,166.64957393238527
54.687,elbow_right,-,162.5040629945498
54.765,elbow_right,-,166.1215239999296
54.828,elbow_right,-,166.27691263851747
54.890,elbow_right,-,166.84952587603598
54.968,elbow_right,-,162.9915866580497
55.031,elbow_right,-,169.12621067693175
55.093,elbow_right,-,166.4455385507112
55.156,elbow_right,-,164.6191238262867
55.218,elbow_right,-,168.15510066989887
55.281,elbow_right,-,163.62681598847368
55.375,elbow_right,-,168.4771298579224
55.437,elbow_right,-,164.5408019893777
55.500,elbow_right,-,168.32198737562373
55.562,elbow_right,-,168.32225733131165
55.625,elbow_right,-,170.16196818256708
55.687,elbow_right,-,165.4822643091549
55.765,elbow_right,-,164.58548958715403
55.828,elbow_right,-,166.34375335211024
55.890,elbow_right,-,168.90445360402086
55.953,elbow_right,-,167.41957917135093
56.015,elbow_right,-,166.03943976065614
56.109,elbow_right,-,166.176602787561
56.171,elbow_right,-,166.4575068637805
56.234,elbow_right,-,166.71162634214028
56.296,elbow_right,-,169.23407296920323
56.359,elbow_right,-,170.24111318528216
56.421,elbow_right,-,165.56628579420652
56.500,elbow_right,-,168.61566028576473
56.562,elbow_right,-,166.5064063086791
56.625,elbow_right,-,165.90466478139038
56.703,elbow_right,-,169.9185658274319
56.765,elbow_right,-,169.64924551474684
56.828,elbow_right,-,167.81433319523532
56.906,elbow_right,-,172.11252745731213
56.968,elbow_right,-,167.28627895945397
57.031,elbow_right,-,166.45052287238562
57.093,elbow_right,-,166.85539638433775
57.156,elbow_right,-,165.37222786603476
57.234,elbow_right,-,166.49951452132925
57.296,elbow_right,-,166.92503300100466
57.375,elbow_right,-,170.43634520332972
57.437,elbow_right,-,168.29636958512978
57.500,elbow_right,-,171.5865541404083
57.562,elbow_right,-,168.22150198198938
57.640,elbow_right,-,168.9627398902875
57.703,elbow_right,-,171.65140930208398
57.765,elbow_right,-,165.16702979855953
57.828,elbow_right,-,166.94981344797924
57.890,elbow_right,-,166.40574306500423
57.953,elbow_right,-,167.25155082812876
58.031,elbow_right,-,168.05774879067414
58.109,elbow_right,-,169.33633089647822
58.171,elbow_right,-,168.30012452252564
58.234,elbow_right,-,167.90683532656135
58.296,elbow_right,-,167.17930916960907
58.375,elbow_right,-,170.68869003993956
58.437,elbow_right,-,172.2127300003476
58.500,elbow_right,-,173.736528652302
58.562,elbow_right,-,178.92680371148612
58.625,elbow_right,-,175.21615037306137
58.703,elbow_left,-,175.82946116936142
58.703,elbow_right,-,176.8700595037115
58.781,elbow_right,-,174.73236229289063
58.843,elbow_left,-,171.22250747693502
58.843,elbow_right,-,175.7633034976854
58.906,elbow_left,-,173.08542215881366
58.906,elbow_right,-,174.46557987301114
58.968,elbow_left,-,170.76577271877522
59.031,elbow_left,-,171.7085233624947
59.093,shoulder_L_abd,L,93.31731333066308
59.093,shoulder_R_abd,R,89.56408274301512
59.171,elbow_left,-,172.51562064315812
59.234,elbow_left,-,173.65050367610283
59.296,shoulder_L_abd,L,92.71843616748768
59.296,shoulder_R_abd,R,90.5546806961374
59.375,elbow_left,-,173.17895385302975
59.437,elbow_left,-,173.18436176931687
59.500,elbow_left,-,173.5214352145887
59.578,elbow_right,-,175.112680709271
59.640,elbow_left,-,173.95745994849727
59.640,elbow_right,-,174.62458272910965
59.703,elbow_right,-,175.5050762775257
59.765,elbow_right,-,175.13316687045375
59.828,elbow_left,-,179.01384259648745
59.828,elbow_right,-,175.3390181837142
59.906,elbow_right,-,176.36320367099893
59.968,elbow_right,-,172.69800298596175
60.046,elbow_right,-,175.18354229719782
60.109,shoulder_L_abd,L,98.69638727198203
60.109,shoulder_R_abd,R,90.61799485230394
60.171,shoulder_L_abd,L,100.06132570173115
60.171,shoulder_R_abd,R,90.32505183363844
60.234,shoulder_L_abd,L,100.0097758660405
60.234,shoulder_R_abd,R,93.41115494912523
60.312,shoulder_L_abd,L,99.78532224939424
60.312,shoulder_R_abd,R,91.93956272072725
60.375,shoulder_L_abd,L,100.57783929642699
60.375,shoulder_R_abd,R,92.22670546517665
60.437,shoulder_L_abd,L,99.15873901618633
60.437,shoulder_R_abd,R,90.69452617132005
60.500,shoulder_L_abd,L,97.84477109366968
60.500,shoulder_R_abd,R,92.85430500786929
60.562,shoulder_L_abd,L,98.92148127894566
60.562,shoulder_R_abd,R,91.85911181988997
60.625,shoulder_L_abd,L,98.07566910205635
60.625,shoulder_R_abd,R,93.04240049707671
60.718,shoulder_L_abd,L,98.63216260636119
60.718,shoulder_R_abd,R,94.3789248288762
60.781,shoulder_L_abd,L,99.64136816503084
60.781,shoulder_R_abd,R,95.46088479038623
60.843,shoulder_L_abd,L,99.763035417831
60.843,shoulder_R_abd,R,95.72623094182563
60.906,shoulder_L_abd,L,99.7901826665194
60.906,shoulder_R_abd,R,97.09730688071564
60.968,shoulder_L_abd,L,102.00766686673448
60.968,shoulder_R_abd,R,98.65703383252146
61.046,shoulder_L_abd,L,103.54274899850631
61.046,shoulder_R_abd,R,98.41036334301532
61.109,shoulder_L_abd,L,102.29372052598487
61.109,shoulder_R_abd,R,98.26808534957516
61.171,elbow_right,-,168.65368201073846
61.234,elbow_right,-,167.9195240768471
61.296,elbow_right,-,165.49583936667867
61.375,elbow_right,-,165.47025338455353
61.453,elbow_right,-,165.04193492418304
61.515,elbow_right,-,165.83410601322007
61.578,elbow_right,-,164.23142304855924
61.640,elbow_right,-,165.081679693897
61.703,elbow_left,-,163.35934733057664
61.703,elbow_right,-,159.28995861625629
61.765,elbow_left,-,153.9519210755248
61.765,elbow_right,-,147.5092780717307
61.843,elbow_left,-,135.9948863446921
61.843,elbow_right,-,137.96939530319656
61.906,elbow_left,-,108.58582618746725
61.906,elbow_right,-,115.96245825717325
61.968,elbow_left,-,78.37355154451647
61.968,elbow_right,-,90.00386947267235
62.031,elbow_left,-,39.154487179020116
62.109,elbow_left,-,22.90480480536294
62.187,shoulder_L_abd,L,23.36795290031369
62.250,elbow_right,-,93.20059341288125
62.578,elbow_left,-,133.16899121495132
62.640,elbow_right,-,90.74646298246981
62.703,elbow_left,-,4.481394805252069
62.703,elbow_right,-,71.9614386101962
62.781,elbow_left,-,7.765968448426801
62.843,elbow_left,-,22.030245140891083
62.906,elbow_left,-,48.834954975693
62.984,elbow_left,-,125.5993203913394
63.046,elbow_left,-,140.17368552204636
63.046,elbow_right,-,145.17349026041032
63.109,elbow_left,-,152.54144388560226
63.109,elbow_right,-,152.75673878356645
63.171,elbow_right,-,160.72902038051643
63.234,shoulder_L_abd,L,91.04275691001538
63.234,shoulder_R_abd,R,92.67369607578364
63.312,shoulder_L_abd,L,89.67108992710523
63.312,shoulder_R_abd,R,91.06575185981038
63.375,shoulder_L_abd,L,87.62103055298503
63.375,shoulder_R_abd,R,92.16957990812621
63.453,shoulder_L_abd,L,87.25392970231933
63.453,shoulder_R_abd,R,93.01849876274186
63.515,elbow_right,-,163.31456586564113
63.578,elbow_right,-,160.0757437918082
63.640,elbow_left,-,147.41291521381336
63.640,elbow_right,-,147.13802097496682
63.718,elbow_left,-,147.1685960353621
63.718,elbow_right,-,140.81566121501348
63.781,elbow_left,-,0.8740208637741924
63.843,elbow_left,-,18.730455341011297
63.843,elbow_right,-,21.16095159456138
63.906,elbow_left,-,97.3598808048548
63.968,elbow_left,-,135.4484696891461
64.031,elbow_left,-,149.80833112593194
64.125,elbow_left,-,151.02941085380726
64.250,elbow_left,-,126.14781145467919
64.312,elbow_left,-,98.88073773215446
64.312,elbow_right,-,112.08763165755411
64.375,shoulder_L_abd,L,43.52561632451391
64.375,shoulder_R_abd,R,151.02633688557373
64.453,elbow_left,-,50.008093492939416
64.453,elbow_right,-,69.51293315624346
64.515,shoulder_L_abd,L,72.42549331836658
64.515,shoulder_R_abd,R,120.19058309328327
64.578,elbow_right,-,108.32739608721947
64.640,elbow_right,-,131.20265369250126
64.703,elbow_left,-,164.18595693948404
64.703,elbow_right,-,143.82001486340772
64.781,elbow_right,-,150.25223652672892
64.859,elbow_right,-,161.08784314678906
64.921,elbow_right,-,163.73870542418396
64.984,elbow_right,-,164.78234546271707
65.046,elbow_right,-,164.41479611859512
65.109,elbow_right,-,161.62144717074526
65.171,elbow_left,-,151.87117111254588
65.171,elbow_right,-,155.84878120608408
65.250,elbow_left,-,138.93861513750542
65.250,elbow_right,-,144.3624819425717
65.312,shoulder_L_abd,L,102.58210211349268
65.312,shoulder_R_abd,R,98.16418356224726
65.390,elbow_left,-,108.24314863431738
65.390,elbow_right,-,62.4343714473701
65.453,shoulder_L_abd,L,137.8668444007896
65.453,shoulder_R_abd,R,84.45199396741673
65.515,shoulder_L_abd,L,66.12196189657821
65.578,elbow_right,-,94.14785645771376
65.656,elbow_right,-,158.67928904368125
65.718,elbow_right,-,152.90277760100884
65.781,elbow_right,-,152.6788739712763
65.843,elbow_left,-,84.9538010865424
65.843,elbow_right,-,155.33725345363678
65.906,shoulder_L_abd,L,37.15274407600097
65.984,shoulder_L_abd,L,153.4649741744336
66.062,elbow_left,-,98.93055320638805
66.125,elbow_left,-,97.27493776586167
66.187,elbow_left,-,116.62816575683173
66.187,elbow_right,-,131.06998514125186
66.250,elbow_left,-,138.20378207913265
66.250,elbow_right,-,153.7292238337659
66.312,elbow_left,-,146.2361269769212
66.312,elbow_right,-,161.15455820882178
66.390,elbow_left,-,151.49004941169946
66.390,elbow_right,-,162.70033118738823
66.453,elbow_left,-,159.74022722159748
66.453,elbow_right,-,163.96545505040743
66.515,elbow_right,-,162.19697854141165
66.578,elbow_right,-,163.32079968092262
66.640,elbow_right,-,161.88245612545606
66.718,elbow_left,-,156.35337888341084
66.718,elbow_right,-,161.81533251187165
66.796,elbow_left,-,152.15071548489777
66.796,elbow_right,-,156.50786387408672
66.859,elbow_left,-,138.74141388004495
66.859,elbow_right,-,146.6531986100306
66.921,elbow_right,-,134.20141234532295
66.984,shoulder_L_abd,L,103.37999042154739
66.984,shoulder_R_abd,R,104.8037719567189
67.046,elbow_left,-,19.93879228354783
67.125,elbow_left,-,4.2719597499043305
67.187,elbow_left,-,97.51703414509612
67.250,shoulder_L_abd,L,23.496179527815922
67.312,elbow_left,-,135.43772233593245
67.390,elbow_left,-,146.7217423233271
67.531,shoulder_L_abd,L,15.598494125376863
67.593,elbow_left,-,83.1028803788279
67.593,elbow_right,-,89.60803450425068
67.656,elbow_right,-,76.32371338465519
67.718,shoulder_L_abd,L,96.07734614896114
67.718,shoulder_R_abd,R,130.11958351318245
67.781,shoulder_R_abd,R,113.68318535451361
67.843,elbow_left,-,155.54978997507894
67.921,elbow_left,-,158.89157789764627
67.921,elbow_right,-,138.2565767775982
67.984,elbow_right,-,151.0696325545091
68.062,elbow_right,-,159.44695202677468
68.125,elbow_right,-,165.26257904026252
68.187,elbow_right,-,165.2169639436737
68.265,elbow_right,-,163.39364373807285
68.328,elbow_right,-,162.97873713490443
68.390,elbow_right,-,163.92454454440949
68.453,elbow_left,-,155.10185469040007
68.453,elbow_right,-,159.93743680479602
68.515,elbow_left,-,147.47843742780813
68.515,elbow_right,-,153.98612984234657
68.578,elbow_left,-,139.4102303521377
68.578,elbow_right,-,135.42412558398533
68.656,shoulder_L_abd,L,115.80676475359165
68.656,shoulder_R_abd,R,100.05439497684165
68.718,elbow_left,-,112.31784622108772
68.796,shoulder_L_abd,L,137.79713912511258
68.796,shoulder_R_abd,R,104.96953257369384
68.921,elbow_right,-,169.94204331107855
68.984,elbow_right,-,154.4186347249167
69.125,elbow_right,-,125.64750109770767
69.187,elbow_right,-,67.53055759224566
69.250,elbow_right,-,30.896363973586084
69.312,elbow_left,-,55.51797338182234
69.406,elbow_left,-,88.38051609517349
69.468,elbow_left,-,97.77523853383553
69.531,elbow_right,-,131.51424789153884
69.593,elbow_left,-,137.31741220195389
69.593,elbow_right,-,149.32900787235585
69.656,elbow_left,-,147.90251640795273
69.656,elbow_right,-,159.53438611886492
69.718,elbow_left,-,153.44233278543152
69.718,elbow_right,-,160.5231151570927
69.796,elbow_left,-,155.05783626015332
69.796,elbow_right,-,159.05987513417276
69.859,elbow_left,-,154.70806256502786
69.859,elbow_right,-,159.37469083669924
69.921,elbow_right,-,161.32420071119503
69.984,elbow_right,-,159.41029098531487
70.062,elbow_left,-,153.24863719861764
70.062,elbow_right,-,158.15998391347648
70.125,elbow_left,-,152.91489596007327
70.125,elbow_right,-,153.88999097177418
70.203,elbow_left,-,147.6855248177554
70.203,elbow_right,-,149.9323392434011
70.265,elbow_left,-,135.6309130462989
70.265,elbow_right,-,143.71808345611154
70.328,elbow_right,-,136.37388992963213
70.390,elbow_right,-,127.48749184164045
70.453,elbow_left,-,38.80897759005898
70.531,elbow_left,-,12.97924640898784
70.593,elbow_left,-,53.3639463146974
70.656,elbow_left,-,116.00348463450315
70.734,elbow_left,-,139.40408435154336
70.796,elbow_left,-,149.3589001479506
70.859,elbow_left,-,135.97415552015616
70.937,elbow_left,-,121.80630003753747
71.000,elbow_left,-,87.57645302587586
71.000,elbow_right,-,94.7631517995549
71.062,elbow_left,-,50.68176992249018
71.062,elbow_right,-,78.55390834664611
71.125,elbow_right,-,67.79075254733785
71.187,shoulder_L_abd,L,77.92093753884383
71.187,shoulder_R_abd,R,110.95818873374188
71.250,shoulder_L_abd,L,79.71402485144097
71.250,shoulder_R_abd,R,106.98835580618666
71.328,elbow_left,-,151.50471316813233
71.328,elbow_right,-,128.49067738734246
71.406,elbow_left,-,154.75612255435914
71.406,elbow_right,-,145.79915885383687
71.468,elbow_left,-,153.46681653334554
71.468,elbow_right,-,148.93047403441903
71.531,elbow_right,-,157.7511007910942
71.593,elbow_right,-,161.61593475235014
71.656,elbow_right,-,163.98248883547635
71.734,elbow_right,-,164.31870966369718
71.796,elbow_right,-,163.09324434441348
71.859,elbow_right,-,164.08821560696742
71.921,elbow_right,-,164.4433834427332
71.984,elbow_right,-,163.83267127307948
72.078,elbow_right,-,161.23085027842995
72.140,elbow_left,-,163.2914229937229
72.140,elbow_right,-,159.42623260765177
72.203,elbow_left,-,156.8472820335293
72.203,elbow_right,-,155.33128780965242
72.265,elbow_left,-,148.53512806166816
72.265,elbow_right,-,147.0783414294801
72.328,elbow_left,-,139.1479320763663
72.390,elbow_left,-,123.71969429588754
72.468,shoulder_L_abd,L,144.09626359241756
72.468,shoulder_R_abd,R,85.03793974287821
72.531,elbow_right,-,77.70030166444006
72.593,elbow_right,-,150.0685898023739
72.656,elbow_right,-,164.5072441691747
72.734,elbow_right,-,145.53924642343233
72.796,elbow_right,-,126.86912242330655
72.875,elbow_right,-,129.8748709064897
72.937,elbow_right,-,39.88155647031075
73.000,elbow_right,-,1.1085346689486475
73.062,elbow_left,-,91.95231307228593
73.125,shoulder_L_abd,L,104.56400285058888
73.125,shoulder_R_abd,R,67.98794859359508
73.203,elbow_right,-,144.17551673626582
73.265,elbow_right,-,152.20844330515223
73.343,elbow_left,-,140.84894743996932
73.343,elbow_right,-,161.1850731420376
73.406,elbow_right,-,157.21593689313147
73.468,shoulder_L_abd,L,40.96527598006115
73.468,shoulder_R_abd,R,47.841634779309274
73.531,shoulder_R_abd,R,44.573796670596344
73.609,elbow_left,-,177.97841477705543
73.671,shoulder_L_abd,L,28.691178063340228
73.671,shoulder_R_abd,R,36.32688394642964
73.734,shoulder_L_abd,L,26.86739423277895
73.734,shoulder_R_abd,R,33.93010983852679
73.796,shoulder_L_abd,L,25.681454431586207
73.796,shoulder_R_abd,R,31.02045613449542
73.859,shoulder_L_abd,L,22.600135306825067
73.859,shoulder_R_abd,R,27.183779988005625
73.921,shoulder_L_abd,L,19.590910474151816
73.921,shoulder_R_abd,R,25.768662446722967
74.015,shoulder_L_abd,L,17.816688131429125
74.015,shoulder_R_abd,R,29.29438575942939
74.078,shoulder_L_abd,L,19.37723709404357
74.140,shoulder_L_abd,L,18.716603546189425
74.203,shoulder_L_abd,L,20.984055706559886
74.265,shoulder_L_abd,L,21.66641833526294
74.343,elbow_left,-,178.37900067131494
74.406,elbow_left,-,171.36889614028306
74.468,shoulder_L_abd,L,32.87441967007003
74.468,shoulder_R_abd,R,32.36171957675447
74.531,shoulder_L_abd,L,40.320499786925964
74.531,shoulder_R_abd,R,38.64186638083207
74.593,shoulder_L_abd,L,46.464101792884826
74.593,shoulder_R_abd,R,47.432010324809
74.656,shoulder_L_abd,L,52.25483963089237
74.656,shoulder_R_abd,R,53.30767157971957
74.750,elbow_right,-,156.40583157635282
74.812,shoulder_L_abd,L,63.7118507779624
74.875,elbow_right,-,159.22552626255197
74.937,elbow_right,-,163.0083366884331
75.000,elbow_right,-,164.03615477695402
75.062,elbow_right,-,161.34616188926492
75.140,elbow_right,-,160.307876420134
75.203,elbow_right,-,162.26802115589368
75.265,elbow_right,-,164.3013331361068
75.328,elbow_right,-,162.8996415774971
75.406,elbow_right,-,162.3383835210262
75.484,elbow_right,-,162.7044545464186
75.546,elbow_right,-,158.82455983278348
75.609,elbow_right,-,154.67058271240717
75.671,shoulder_L_abd,L,62.44375167858634
75.671,shoulder_R_abd,R,87.31823784158998
75.734,shoulder_L_abd,L,54.928731226144606
75.734,shoulder_R_abd,R,63.90187853171475
75.796,elbow_left,-,155.68341065259634
75.796,elbow_right,-,152.59469093827764
75.875,shoulder_L_abd,L,36.578046251408445
75.875,shoulder_R_abd,R,38.626096655305915
75.937,shoulder_L_abd,L,30.80426641790903
75.937,shoulder_R_abd,R,26.529995370321604
76.000,elbow_right,-,176.04408164208
76.078,shoulder_L_abd,L,20.668718230894516
76.078,shoulder_R_abd,R,24.432530453621084
76.140,shoulder_L_abd,L,18.942363043085244
76.140,shoulder_R_abd,R,27.720036123525432
76.203,shoulder_L_abd,L,18.07387185946565
76.203,shoulder_R_abd,R,23.623152862337037
76.281,shoulder_L_abd,L,17.006206618001013
76.281,shoulder_R_abd,R,23.28549360732112
76.343,shoulder_L_abd,L,16.126534475114738
76.343,shoulder_R_abd,R,21.350738236190995
76.406,shoulder_L_abd,L,15.493663542450554
76.406,shoulder_R_abd,R,21.061983265633145
76.468,shoulder_L_abd,L,14.79115805791018
76.468,shoulder_R_abd,R,18.668108242012067
76.531,shoulder_L_abd,L,13.182948119478336
76.531,shoulder_R_abd,R,18.358124552956514
76.609,shoulder_L_abd,L,12.260913640829662
76.609,shoulder_R_abd,R,18.54120748705528
76.671,shoulder_L_abd,L,12.389511488476021
76.750,shoulder_L_abd,L,12.452179851407758
76.812,shoulder_L_abd,L,13.476971883096336
76.875,shoulder_L_abd,L,13.434954253099047
76.937,shoulder_L_abd,L,13.898764374936224
77.015,shoulder_L_abd,L,13.604409374021992
77.078,shoulder_L_abd,L,14.274041923640315
77.140,shoulder_L_abd,L,12.594383422299346
77.203,shoulder_L_abd,L,13.954372897476402
77.265,shoulder_L_abd,L,12.898395280393034
77.328,shoulder_L_abd,L,12.668984178485555
77.421,shoulder_L_abd,L,13.516552904116727
77.484,shoulder_L_abd,L,13.503337755963663
77.546,shoulder_L_abd,L,13.769795541994148
77.609,shoulder_L_abd,L,13.109491958685247
77.671,shoulder_L_abd,L,13.074891518986824
77.750,shoulder_L_abd,L,13.562153012616823
77.812,shoulder_L_abd,L,13.266410890996633
77.875,shoulder_L_abd,L,12.938982056898382
77.937,shoulder_L_abd,L,14.337024737284647
78.000,shoulder_L_abd,L,15.306872786405197
78.078,shoulder_L_abd,L,14.906403232914505
78.156,shoulder_L_abd,L,16.601097686538687
78.218,shoulder_L_abd,L,19.895414413913176
78.281,shoulder_L_abd,L,20.920498444622073
78.406,shoulder_L_abd,L,22.42646302280519
78.546,shoulder_L_abd,L,24.241698259707093
78.609,shoulder_R_abd,R,22.156826756800996
79.203,shoulder_R_abd,R,22.18437443583351
79.281,shoulder_R_abd,R,23.295055087322257
79.546,shoulder_R_abd,R,24.784467707785538
79.750,shoulder_R_abd,R,23.12555122659331
80.000,shoulder_R_abd,R,24.27594402854195
