t,cadence,step_time_L,step_time_R,rel_step_len_L,rel_step_len_R,SI
1760969711.166,141.380,0.5600478649139404,0.2887296676635742,,,63.931
1760969711.197,141.380,0.5600478649139404,0.2887296676635742,,,63.931
1760969711.229,141.380,0.5600478649139404,0.2887296676635742,,,63.931
1760969711.262,141.380,0.5600478649139404,0.2887296676635742,,,63.931
1760969711.294,141.380,0.5600478649139404,0.2887296676635742,,,63.931
1760969711.326,141.380,0.5600478649139404,0.2887296676635742,,,63.931
1760969711.358,141.380,0.5600478649139404,0.2887296676635742,,,63.931
1760969711.390,141.380,0.5600478649139404,0.2887296676635742,,,63.931
1760969711.422,141.380,0.5600478649139404,0.2887296676635742,,,63.931
1760969711.454,141.380,0.5600478649139404,0.2887296676635742,,,63.931
1760969711.502,141.380,0.5600478649139404,0.2887296676635742,,,63.931
1760969711.535,141.380,0.5600478649139404,0.2887296676635742,,,63.931
1760969711.566,141.380,0.5600478649139404,0.2887296676635742,,,63.931
1760969711.598,141.380,0.5600478649139404,0.2887296676635742,,,63.931
1760969711.630,141.380,0.5600478649139404,0.2887296676635742,,,63.931
1760969711.662,141.380,0.5600478649139404,0.2887296676635742,,,63.931
1760969711.693,141.380,0.5600478649139404,0.2887296676635742,,,63.931
1760969711.725,141.380,0.5600478649139404,0.2887296676635742,,,63.931
1760969711.759,141.380,0.5600478649139404,0.2887296676635742,,,63.931
1760969711.790,141.380,0.5600478649139404,0.2887296676635742,,,63.931
1760969711.821,141.380,0.5600478649139404,0.2887296676635742,,,63.931
1760969711.869,141.380,0.5600478649139404,0.2887296676635742,,,63.931
1760969711.901,141.380,0.5600478649139404,0.2887296676635742,,,63.931
1760969711.934,141.380,0.5600478649139404,0.2887296676635742,,,63.931
1760969711.966,141.380,0.5600478649139404,0.2887296676635742,,,63.931
1760969711.997,141.380,0.5600478649139404,0.2887296676635742,,,63.931
1760969712.030,141.380,0.5600478649139404,0.2887296676635742,,,63.931
1760969712.061,141.380,0.5600478649139404,0.2887296676635742,,,63.931
1760969712.093,141.380,0.5600478649139404,0.2887296676635742,,,63.931
1760969712.126,141.380,0.5600478649139404,0.2887296676635742,,,63.931
1760969712.157,141.380,0.5600478649139404,0.2887296676635742,,,63.931
1760969712.191,141.380,0.5600478649139404,0.2887296676635742,,,63.931
1760969712.237,141.380,0.5600478649139404,0.2887296676635742,,,63.931
1760969712.270,141.380,0.5600478649139404,0.2887296676635742,,,63.931
1760969712.301,141.380,0.5600478649139404,0.2887296676635742,,,63.931
1760969712.333,141.380,0.5600478649139404,0.2887296676635742,,,63.931
1760969712.366,141.380,0.5600478649139404,0.2887296676635742,,,63.931
1760969712.397,141.380,0.5600478649139404,0.2887296676635742,,,63.931
1760969712.430,141.380,0.5600478649139404,0.2887296676635742,,,63.931
1760969712.462,141.380,0.5600478649139404,0.2887296676635742,,,63.931
1760969712.494,141.380,0.5600478649139404,0.2887296676635742,,,63.931
1760969712.525,141.380,0.5600478649139404,0.2887296676635742,,,63.931
1760969712.557,141.380,0.5600478649139404,0.2887296676635742,,,63.931
1760969712.605,141.380,0.5600478649139404,0.2887296676635742,,,63.931
1760969712.638,141.380,0.5600478649139404,0.2887296676635742,,,63.931
1760969712.670,141.380,0.5600478649139404,0.2887296676635742,,,63.931
1760969712.702,141.380,0.5600478649139404,0.2887296676635742,,,63.931
1760969712.734,141.380,0.5600478649139404,0.2887296676635742,,,63.931
1760969712.766,141.380,0.5600478649139404,0.2887296676635742,,,63.931
1760969712.798,141.380,0.5600478649139404,0.2887296676635742,,,63.931
1760969712.830,141.380,0.5600478649139404,0.2887296676635742,,,63.931
1760969712.861,141.380,0.5600478649139404,0.2887296676635742,,,63.931
1760969712.893,141.380,0.5600478649139404,0.2887296676635742,,,63.931
1760969712.925,141.380,0.5600478649139404,0.2887296676635742,,,63.931
1760969712.973,141.380,0.5600478649139404,0.2887296676635742,,,63.931
1760969713.005,141.380,0.5600478649139404,0.2887296676635742,,,63.931
1760969713.037,141.380,0.5600478649139404,0.2887296676635742,,,63.931
1760969713.070,141.380,0.5600478649139404,0.2887296676635742,,,63.931
1760969713.101,141.380,0.5600478649139404,0.2887296676635742,,,63.931
1760969713.134,141.380,0.5600478649139404,0.2887296676635742,,,63.931
1760969713.166,141.380,0.5600478649139404,0.2887296676635742,,,63.931
1760969713.197,141.380,0.5600478649139404,0.2887296676635742,,,63.931
1760969713.230,141.380,0.5600478649139404,0.2887296676635742,,,63.931
1760969713.263,141.380,0.5600478649139404,0.2887296676635742,,,63.931
1760969713.310,141.380,0.5600478649139404,0.2887296676635742,,,63.931
1760969713.342,141.380,0.5600478649139404,0.2887296676635742,,,63.931
1760969713.374,141.380,0.5600478649139404,0.2887296676635742,,,63.931
1760969713.406,141.380,0.5600478649139404,0.2887296676635742,,,63.931
1760969713.438,141.380,0.5600478649139404,0.2887296676635742,,,63.931
1760969713.469,141.380,0.5600478649139404,0.2887296676635742,,,63.931
1760969713.503,141.380,0.5600478649139404,0.2887296676635742,,,63.931
1760969713.533,141.380,0.5600478649139404,0.2887296676635742,,,63.931
1760969713.566,141.380,0.5600478649139404,0.2887296676635742,,,63.931
1760969713.598,141.380,0.5600478649139404,0.2887296676635742,,,63.931
1760969713.629,141.380,0.5600478649139404,0.2887296676635742,,,63.931
1760969713.678,141.380,0.5600478649139404,0.2887296676635742,,,63.931
1760969713.711,141.380,0.5600478649139404,0.2887296676635742,,,63.931
1760969713.742,141.380,0.5600478649139404,0.2887296676635742,,,63.931
1760969713.774,141.380,0.5600478649139404,0.2887296676635742,,,63.931
1760969713.805,141.380,0.5600478649139404,0.2887296676635742,,,63.931
1760969713.837,141.380,0.5600478649139404,0.2887296676635742,,,63.931
1760969713.870,141.380,0.5600478649139404,0.2887296676635742,,,63.931
1760969713.904,141.380,0.5600478649139404,0.2887296676635742,,,63.931
1760969713.934,141.380,0.5600478649139404,0.2887296676635742,,,63.931
1760969713.966,141.380,0.5600478649139404,0.2887296676635742,,,63.931
1760969713.998,141.380,0.5600478649139404,0.2887296676635742,,,63.931
1760969714.045,141.380,0.5600478649139404,0.2887296676635742,,,63.931
1760969714.079,141.380,0.5600478649139404,0.2887296676635742,,,63.931
1760969714.110,141.380,0.5600478649139404,0.2887296676635742,,,63.931
1760969714.143,141.380,0.5600478649139404,0.2887296676635742,,,63.931
1760969714.174,141.380,0.5600478649139404,0.2887296676635742,,,63.931
1760969714.205,141.380,0.5600478649139404,0.2887296676635742,,,63.931
1760969714.238,141.380,0.5600478649139404,0.2887296676635742,,,63.931
1760969714.270,141.380,0.5600478649139404,0.2887296676635742,,,63.931
1760969714.303,141.380,0.5600478649139404,0.2887296676635742,,,63.931
1760969714.335,141.380,0.5600478649139404,0.2887296676635742,,,63.931
1760969714.365,141.380,0.5600478649139404,0.2887296676635742,,,63.931
1760969714.414,141.380,0.5600478649139404,0.2887296676635742,,,63.931
1760969714.446,141.380,0.5600478649139404,0.2887296676635742,,,63.931
1760969714.478,141.380,0.5600478649139404,0.2887296676635742,,,63.931
1760969714.509,141.380,0.5600478649139404,0.2887296676635742,,,63.931
1760969714.542,141.380,0.5600478649139404,0.2887296676635742,,,63.931
1760969714.574,141.380,0.5600478649139404,0.2887296676635742,,,63.931
1760969714.606,141.380,0.5600478649139404,0.2887296676635742,,,63.931
1760969714.637,141.380,0.5600478649139404,0.2887296676635742,,,63.931
1760969714.670,141.380,0.5600478649139404,0.2887296676635742,,,63.931
1760969714.702,141.380,0.5600478649139404,0.2887296676635742,,,63.931
1760969714.734,141.380,0.5600478649139404,0.2887296676635742,,,63.931
1760969714.783,141.380,0.5600478649139404,0.2887296676635742,,,63.931
1760969714.813,141.380,0.5600478649139404,0.2887296676635742,,,63.931
1760969714.845,141.380,0.5600478649139404,0.2887296676635742,,,63.931
1760969714.877,141.380,0.5600478649139404,0.2887296676635742,,,63.931
1760969714.910,141.380,0.5600478649139404,0.2887296676635742,,,63.931
1760969714.943,141.380,0.5600478649139404,0.2887296676635742,,,63.931
1760969714.974,141.380,0.5600478649139404,0.2887296676635742,,,63.931
1760969715.007,141.380,0.5600478649139404,0.2887296676635742,,,63.931
1760969715.037,141.380,0.5600478649139404,0.2887296676635742,,,63.931
1760969715.070,141.380,0.5600478649139404,0.2887296676635742,,,63.931
1760969715.102,141.380,0.5600478649139404,0.2887296676635742,,,63.931
1760969715.149,141.380,0.5600478649139404,0.2887296676635742,,,63.931
1760969715.182,141.380,0.5600478649139404,0.2887296676635742,,,63.931
1760969715.214,141.380,0.5600478649139404,0.2887296676635742,,,63.931
1760969715.246,141.380,0.5600478649139404,0.2887296676635742,,,63.931
1760969715.278,141.380,0.5600478649139404,0.2887296676635742,,,63.931
1760969715.310,141.380,0.5600478649139404,0.2887296676635742,,,63.931
1760969715.342,141.380,0.5600478649139404,0.2887296676635742,,,63.931
1760969715.373,141.380,0.5600478649139404,0.2887296676635742,,,63.931
1760969715.406,141.380,0.5600478649139404,0.2887296676635742,,,63.931
1760969715.438,141.380,0.5600478649139404,0.2887296676635742,,,63.931
1760969715.486,141.380,0.5600478649139404,0.2887296676635742,,,63.931
1760969715.518,141.380,0.5600478649139404,0.2887296676635742,,,63.931
1760969715.550,9.740,12.031856298446655,0.2887296676635742,,,190.626
1760969715.582,9.740,12.031856298446655,0.2887296676635742,,,190.626
1760969715.614,9.740,12.031856298446655,0.2887296676635742,,,190.626
1760969715.646,9.740,12.031856298446655,0.2887296676635742,,,190.626
1760969715.679,9.740,12.031856298446655,0.2887296676635742,,,190.626
1760969715.709,9.740,12.031856298446655,0.2887296676635742,,,190.626
1760969715.742,9.740,12.031856298446655,0.2887296676635742,,,190.626
1760969715.774,9.740,12.031856298446655,0.2887296676635742,,,190.626
1760969715.805,9.740,12.031856298446655,0.2887296676635742,,,190.626
1760969715.854,208.289,0.28739237785339355,0.2887296676635742,,,0.464
1760969715.887,208.289,0.28739237785339355,0.2887296676635742,,,0.464
1760969715.918,208.289,0.28739237785339355,0.2887296676635742,,,0.464
1760969715.949,208.289,0.28739237785339355,0.2887296676635742,,,0.464
1760969715.982,208.289,0.28739237785339355,0.2887296676635742,,,0.464
1760969716.014,208.289,0.28739237785339355,0.2887296676635742,,,0.464
1760969716.046,208.289,0.28739237785339355,0.2887296676635742,,,0.464
1760969716.078,9.340,0.28739237785339355,12.560131072998047,,,191.052
1760969716.110,9.340,0.28739237785339355,12.560131072998047,,,191.052
1760969716.142,9.340,0.28739237785339355,12.560131072998047,,,191.052
1760969716.174,9.340,0.28739237785339355,12.560131072998047,,,191.052
1760969716.221,9.282,0.36864495277404785,12.560131072998047,,,188.595
1760969716.254,9.282,0.36864495277404785,12.560131072998047,,,188.595
1760969716.285,9.282,0.36864495277404785,12.560131072998047,,,188.595
1760969716.319,9.282,0.36864495277404785,12.560131072998047,,,188.595
1760969716.350,9.282,0.36864495277404785,12.560131072998047,,,188.595
1760969716.382,9.282,0.36864495277404785,12.560131072998047,,,188.595
1760969716.414,170.301,0.36864495277404785,0.33599138259887695,,,9.268
1760969716.446,170.301,0.36864495277404785,0.33599138259887695,,,9.268
1760969716.477,170.301,0.36864495277404785,0.33599138259887695,,,9.268
1760969716.510,170.301,0.36864495277404785,0.33599138259887695,,,9.268
1760969716.543,170.301,0.36864495277404785,0.33599138259887695,,,9.268
1760969716.590,170.301,0.36864495277404785,0.33599138259887695,,,9.268
1760969716.621,170.301,0.36864495277404785,0.33599138259887695,,,9.268
1760969716.654,170.301,0.36864495277404785,0.33599138259887695,,,9.268
1760969716.685,187.385,0.36864495277404785,0.2717468738555908,,,30.262
1760969716.718,187.385,0.36864495277404785,0.2717468738555908,,,30.262
1760969716.750,187.385,0.36864495277404785,0.2717468738555908,,,30.262
1760969716.782,187.385,0.36864495277404785,0.2717468738555908,,,30.262
1760969716.814,136.368,0.6082255840301514,0.2717468738555908,,,76.475
1760969716.846,136.368,0.6082255840301514,0.2717468738555908,,,76.475
1760969716.878,136.368,0.6082255840301514,0.2717468738555908,,,76.475
1760969716.909,136.368,0.6082255840301514,0.2717468738555908,,,76.475
1760969716.959,136.368,0.6082255840301514,0.2717468738555908,,,76.475
1760969716.990,136.368,0.6082255840301514,0.2717468738555908,,,76.475
1760969717.022,136.368,0.6082255840301514,0.2717468738555908,,,76.475
1760969717.053,136.368,0.6082255840301514,0.2717468738555908,,,76.475
1760969717.085,119.060,0.6082255840301514,0.39966654777526855,,,41.385
1760969717.117,170.814,0.30285000801086426,0.39966654777526855,,,27.563
1760969717.150,170.814,0.30285000801086426,0.39966654777526855,,,27.563
1760969717.183,170.814,0.30285000801086426,0.39966654777526855,,,27.563
1760969717.214,170.814,0.30285000801086426,0.39966654777526855,,,27.563
1760969717.246,170.814,0.30285000801086426,0.39966654777526855,,,27.563
1760969717.293,170.814,0.30285000801086426,0.39966654777526855,,,27.563
1760969717.326,170.814,0.30285000801086426,0.39966654777526855,,,27.563
1760969717.358,170.814,0.30285000801086426,0.39966654777526855,,,27.563
1760969717.390,178.475,0.27269697189331055,0.39966654777526855,,,37.768
1760969717.422,178.475,0.27269697189331055,0.39966654777526855,,,37.768
1760969717.454,178.475,0.27269697189331055,0.39966654777526855,,,37.768
1760969717.485,178.217,0.27269697189331055,0.40063905715942383,,,38.002
1760969717.518,178.217,0.27269697189331055,0.40063905715942383,,,38.002
1760969717.549,178.217,0.27269697189331055,0.40063905715942383,,,38.002
1760969717.582,178.217,0.27269697189331055,0.40063905715942383,,,38.002
1760969717.615,178.217,0.27269697189331055,0.40063905715942383,,,38.002
1760969717.662,178.217,0.27269697189331055,0.40063905715942383,,,38.002
1760969717.693,178.217,0.27269697189331055,0.40063905715942383,,,38.002
1760969717.726,178.217,0.27269697189331055,0.40063905715942383,,,38.002
1760969717.758,187.403,0.3684196472167969,0.2719109058380127,,,30.143
1760969717.789,187.403,0.3684196472167969,0.2719109058380127,,,30.143
1760969717.822,187.403,0.3684196472167969,0.2719109058380127,,,30.143
1760969717.854,187.403,0.3684196472167969,0.2719109058380127,,,30.143
1760969717.885,187.403,0.3684196472167969,0.2719109058380127,,,30.143
1760969717.917,187.403,0.3684196472167969,0.2719109058380127,,,30.143
1760969717.950,187.403,0.3684196472167969,0.2719109058380127,,,30.143
1760969717.981,187.403,0.3684196472167969,0.2719109058380127,,,30.143
1760969718.030,192.477,0.3684196472167969,0.2550318241119385,,,36.374
1760969718.062,192.477,0.3684196472167969,0.2550318241119385,,,36.374
1760969718.093,192.477,0.3684196472167969,0.2550318241119385,,,36.374
1760969718.126,192.477,0.3684196472167969,0.2550318241119385,,,36.374
1760969718.157,192.477,0.3684196472167969,0.2550318241119385,,,36.374
1760969718.189,192.477,0.3684196472167969,0.2550318241119385,,,36.374
1760969718.222,192.477,0.3684196472167969,0.2550318241119385,,,36.374
1760969718.255,192.477,0.3684196472167969,0.2550318241119385,,,36.374
1760969718.286,192.477,0.3684196472167969,0.2550318241119385,,,36.374
1760969718.317,178.169,0.3684196472167969,0.3050968647003174,,,18.804
1760969718.349,133.889,0.5911703109741211,0.3050968647003174,,,63.837
1760969718.398,133.889,0.5911703109741211,0.3050968647003174,,,63.837
1760969718.429,133.889,0.5911703109741211,0.3050968647003174,,,63.837
1760969718.463,133.889,0.5911703109741211,0.3050968647003174,,,63.837
1760969718.495,133.889,0.5911703109741211,0.3050968647003174,,,63.837
1760969718.526,133.889,0.5911703109741211,0.3050968647003174,,,63.837
1760969718.557,133.889,0.5911703109741211,0.3050968647003174,,,63.837
1760969718.590,133.889,0.5911703109741211,0.3050968647003174,,,63.837
1760969718.622,133.889,0.5911703109741211,0.3050968647003174,,,63.837
1760969718.654,129.399,0.5911703109741211,0.33619189262390137,,,54.990
1760969718.686,129.399,0.5911703109741211,0.33619189262390137,,,54.990
1760969718.718,170.262,0.3686044216156006,0.33619189262390137,,,9.198
1760969718.766,170.262,0.3686044216156006,0.33619189262390137,,,9.198
1760969718.798,170.262,0.3686044216156006,0.33619189262390137,,,9.198
1760969718.830,170.262,0.3686044216156006,0.33619189262390137,,,9.198
1760969718.861,170.262,0.3686044216156006,0.33619189262390137,,,9.198
1760969718.894,170.262,0.3686044216156006,0.33619189262390137,,,9.198
1760969718.927,187.399,0.3686044216156006,0.2717409133911133,,,30.253
1760969718.958,187.399,0.3686044216156006,0.2717409133911133,,,30.253
1760969718.990,220.780,0.2717854976654053,0.2717409133911133,,,0.016
1760969719.021,220.780,0.2717854976654053,0.2717409133911133,,,0.016
1760969719.054,220.780,0.2717854976654053,0.2717409133911133,,,0.016
1760969719.101,220.780,0.2717854976654053,0.2717409133911133,,,0.016
1760969719.135,220.780,0.2717854976654053,0.2717409133911133,,,0.016
1760969719.165,220.780,0.2717854976654053,0.2717409133911133,,,0.016
1760969719.197,221.032,0.2717854976654053,0.2711212635040283,,,0.245
1760969719.230,221.032,0.2717854976654053,0.2711212635040283,,,0.245
1760969719.262,221.032,0.2717854976654053,0.2711212635040283,,,0.245
1760969719.294,221.032,0.2717854976654053,0.2711212635040283,,,0.245
1760969719.326,221.032,0.2717854976654053,0.2711212635040283,,,0.245
1760969719.359,221.032,0.2717854976654053,0.2711212635040283,,,0.245
1760969719.390,221.032,0.2717854976654053,0.2711212635040283,,,0.245
1760969719.421,221.032,0.2717854976654053,0.2711212635040283,,,0.245
1760969719.469,221.032,0.2717854976654053,0.2711212635040283,,,0.245
1760969719.502,147.050,0.5118358135223389,0.304213285446167,,,50.885
1760969719.534,147.050,0.5118358135223389,0.304213285446167,,,50.885
1760969719.566,147.050,0.5118358135223389,0.304213285446167,,,50.885
1760969719.598,147.050,0.5118358135223389,0.304213285446167,,,50.885
1760969719.629,147.050,0.5118358135223389,0.304213285446167,,,50.885
1760969719.661,147.050,0.5118358135223389,0.304213285446167,,,50.885
1760969719.694,147.050,0.5118358135223389,0.304213285446167,,,50.885
1760969719.726,147.050,0.5118358135223389,0.304213285446167,,,50.885
1760969719.757,213.922,0.25673770904541016,0.304213285446167,,,16.927
1760969719.791,213.922,0.25673770904541016,0.304213285446167,,,16.927
1760969719.837,207.557,0.25673770904541016,0.32141542434692383,,,22.374
1760969719.870,207.557,0.25673770904541016,0.32141542434692383,,,22.374
1760969719.901,207.557,0.25673770904541016,0.32141542434692383,,,22.374
1760969719.934,207.557,0.25673770904541016,0.32141542434692383,,,22.374
1760969719.966,207.557,0.25673770904541016,0.32141542434692383,,,22.374
1760969719.997,207.557,0.25673770904541016,0.32141542434692383,,,22.374
1760969720.030,202.598,0.2708911895751953,0.32141542434692383,,,17.060
1760969720.063,202.598,0.2708911895751953,0.32141542434692383,,,17.060
1760969720.094,202.598,0.2708911895751953,0.32141542434692383,,,17.060
1760969720.125,202.598,0.2708911895751953,0.32141542434692383,,,17.060
1760969720.157,202.598,0.2708911895751953,0.32141542434692383,,,17.060
1760969720.206,188.354,0.2708911895751953,0.3662080764770508,,,29.922
1760969720.238,188.354,0.2708911895751953,0.3662080764770508,,,29.922
1760969720.269,188.354,0.2708911895751953,0.3662080764770508,,,29.922
1760969720.302,187.952,0.27225446701049805,0.3662080764770508,,,29.431
1760969720.334,187.952,0.27225446701049805,0.3662080764770508,,,29.431
1760969720.366,187.952,0.27225446701049805,0.3662080764770508,,,29.431
1760969720.398,187.952,0.27225446701049805,0.3662080764770508,,,29.431
1760969720.430,187.952,0.27225446701049805,0.3662080764770508,,,29.431
1760969720.461,187.952,0.27225446701049805,0.3662080764770508,,,29.431
1760969720.494,187.952,0.27225446701049805,0.3662080764770508,,,29.431
1760969720.526,197.058,0.27225446701049805,0.3367040157318115,,,21.167
1760969720.574,202.282,0.2565274238586426,0.3367040157318115,,,27.030
1760969720.606,202.282,0.2565274238586426,0.3367040157318115,,,27.030
1760969720.638,202.282,0.2565274238586426,0.3367040157318115,,,27.030
1760969720.671,202.282,0.2565274238586426,0.3367040157318115,,,27.030
1760969720.701,202.282,0.2565274238586426,0.3367040157318115,,,27.030
1760969720.734,202.282,0.2565274238586426,0.3367040157318115,,,27.030
1760969720.765,202.282,0.2565274238586426,0.3367040157318115,,,27.030
1760969720.797,202.282,0.2565274238586426,0.3367040157318115,,,27.030
1760969720.829,214.227,0.2565274238586426,0.30362701416015625,,,16.817
1760969720.863,214.227,0.2565274238586426,0.30362701416015625,,,16.817
1760969720.909,187.295,0.33707380294799805,0.30362701416015625,,,10.441
1760969720.942,187.295,0.33707380294799805,0.30362701416015625,,,10.441
1760969720.974,187.295,0.33707380294799805,0.30362701416015625,,,10.441
1760969721.005,187.295,0.33707380294799805,0.30362701416015625,,,10.441
1760969721.038,187.295,0.33707380294799805,0.30362701416015625,,,10.441
1760969721.069,187.295,0.33707380294799805,0.30362701416015625,,,10.441
1760969721.103,187.295,0.33707380294799805,0.30362701416015625,,,10.441
1760969721.134,187.295,0.33707380294799805,0.30362701416015625,,,10.441
1760969721.165,208.725,0.27129173278808594,0.30362701416015625,,,11.249
1760969721.197,208.725,0.27129173278808594,0.30362701416015625,,,11.249
1760969721.229,178.810,0.27129173278808594,0.3998098373413086,,,38.301
1760969721.277,178.810,0.27129173278808594,0.3998098373413086,,,38.301
1760969721.311,178.810,0.27129173278808594,0.3998098373413086,,,38.301
1760969721.342,178.810,0.27129173278808594,0.3998098373413086,,,38.301
1760969721.374,178.810,0.27129173278808594,0.3998098373413086,,,38.301
1760969721.405,178.810,0.27129173278808594,0.3998098373413086,,,38.301
1760969721.438,178.961,0.27072596549987793,0.3998098373413086,,,38.502
1760969721.469,178.961,0.27072596549987793,0.3998098373413086,,,38.502
1760969721.502,178.961,0.27072596549987793,0.3998098373413086,,,38.502
1760969721.534,178.961,0.27072596549987793,0.3998098373413086,,,38.502
1760969721.565,197.527,0.27072596549987793,0.33678722381591797,,,21.748
1760969721.598,197.527,0.27072596549987793,0.33678722381591797,,,21.748
1760969721.645,197.527,0.27072596549987793,0.33678722381591797,,,21.748
1760969721.677,197.527,0.27072596549987793,0.33678722381591797,,,21.748
1760969721.709,196.966,0.27245616912841797,0.33678722381591797,,,21.118
1760969721.742,196.966,0.27245616912841797,0.33678722381591797,,,21.118
1760969721.774,196.966,0.27245616912841797,0.33678722381591797,,,21.118
1760969721.805,196.966,0.27245616912841797,0.33678722381591797,,,21.118
1760969721.837,220.682,0.27245616912841797,0.27131199836730957,,,0.421
1760969721.870,220.682,0.27245616912841797,0.27131199836730957,,,0.421
1760969721.903,220.682,0.27245616912841797,0.27131199836730957,,,0.421
1760969721.935,220.682,0.27245616912841797,0.27131199836730957,,,0.421
1760969721.966,220.682,0.27245616912841797,0.27131199836730957,,,0.421
1760969722.013,220.682,0.27245616912841797,0.27131199836730957,,,0.421
1760969722.046,197.616,0.3359251022338867,0.27131199836730957,,,21.281
1760969722.078,197.616,0.3359251022338867,0.27131199836730957,,,21.281
1760969722.110,197.174,0.3359251022338867,0.2726736068725586,,,20.786
1760969722.142,197.174,0.3359251022338867,0.2726736068725586,,,20.786
1760969722.175,197.174,0.3359251022338867,0.2726736068725586,,,20.786
1760969722.206,197.174,0.3359251022338867,0.2726736068725586,,,20.786
1760969722.237,197.174,0.3359251022338867,0.2726736068725586,,,20.786
1760969722.269,197.174,0.3359251022338867,0.2726736068725586,,,20.786
1760969722.301,227.023,0.255906343460083,0.2726736068725586,,,6.344
1760969722.333,227.023,0.255906343460083,0.2726736068725586,,,6.344
1760969722.383,227.023,0.255906343460083,0.2726736068725586,,,6.344
1760969722.414,227.023,0.255906343460083,0.2726736068725586,,,6.344
1760969722.446,227.023,0.255906343460083,0.2726736068725586,,,6.344
1760969722.477,192.304,0.255906343460083,0.3681056499481201,,,35.961
1760969722.510,192.304,0.255906343460083,0.3681056499481201,,,35.961
1760969722.542,192.304,0.255906343460083,0.3681056499481201,,,35.961
1760969722.574,187.128,0.2731668949127197,0.3681056499481201,,,29.609
1760969722.605,187.128,0.2731668949127197,0.3681056499481201,,,29.609
1760969722.638,187.128,0.2731668949127197,0.3681056499481201,,,29.609
1760969722.670,187.128,0.2731668949127197,0.3681056499481201,,,29.609
1760969722.717,187.128,0.2731668949127197,0.3681056499481201,,,29.609
1760969722.750,187.128,0.2731668949127197,0.3681056499481201,,,29.609
1760969722.782,187.128,0.2731668949127197,0.3681056499481201,,,29.609
1760969722.813,187.128,0.2731668949127197,0.3681056499481201,,,29.609
1760969722.847,187.128,0.2731668949127197,0.3681056499481201,,,29.609
1760969722.878,178.496,0.30417919158935547,0.3681056499481201,,,19.018
1760969722.909,162.984,0.30417919158935547,0.43209099769592285,,,34.746
1760969722.941,162.984,0.30417919158935547,0.43209099769592285,,,34.746
1760969722.973,162.984,0.30417919158935547,0.43209099769592285,,,34.746
1760969723.006,162.984,0.30417919158935547,0.43209099769592285,,,34.746
1760969723.039,162.984,0.30417919158935547,0.43209099769592285,,,34.746
1760969723.086,162.984,0.30417919158935547,0.43209099769592285,,,34.746
1760969723.117,162.984,0.30417919158935547,0.43209099769592285,,,34.746
1760969723.149,162.984,0.30417919158935547,0.43209099769592285,,,34.746
1760969723.181,162.984,0.30417919158935547,0.43209099769592285,,,34.746
1760969723.214,162.984,0.30417919158935547,0.43209099769592285,,,34.746
1760969723.246,170.829,0.36702775955200195,0.3354299068450928,,,8.996
1760969723.278,170.829,0.36702775955200195,0.3354299068450928,,,8.996
1760969723.309,170.829,0.36702775955200195,0.3354299068450928,,,8.996
1760969723.341,170.829,0.36702775955200195,0.3354299068450928,,,8.996
1760969723.374,170.829,0.36702775955200195,0.3354299068450928,,,8.996
1760969723.406,170.829,0.36702775955200195,0.3354299068450928,,,8.996
1760969723.453,170.829,0.36702775955200195,0.3354299068450928,,,8.996
1760969723.486,170.829,0.36702775955200195,0.3354299068450928,,,8.996
1760969723.518,170.829,0.36702775955200195,0.3354299068450928,,,8.996
1760969723.550,178.767,0.36702775955200195,0.30423569679260254,,,18.709
1760969723.582,187.429,0.33600783348083496,0.30423569679260254,,,9.925
1760969723.614,187.429,0.33600783348083496,0.30423569679260254,,,9.925
1760969723.645,187.429,0.33600783348083496,0.30423569679260254,,,9.925
1760969723.679,187.429,0.33600783348083496,0.30423569679260254,,,9.925
1760969723.709,187.429,0.33600783348083496,0.30423569679260254,,,9.925
1760969723.741,187.429,0.33600783348083496,0.30423569679260254,,,9.925
1760969723.773,187.429,0.33600783348083496,0.30423569679260254,,,9.925
1760969723.822,187.429,0.33600783348083496,0.30423569679260254,,,9.925
1760969723.853,208.221,0.27207374572753906,0.30423569679260254,,,11.161
1760969723.886,208.221,0.27207374572753906,0.30423569679260254,,,11.161
1760969723.918,208.221,0.27207374572753906,0.30423569679260254,,,11.161
1760969723.950,208.221,0.27207374572753906,0.30423569679260254,,,11.161
1760969723.982,170.496,0.27207374572753906,0.43175649642944336,,,45.375
1760969724.014,170.496,0.27207374572753906,0.43175649642944336,,,45.375
1760969724.046,170.496,0.27207374572753906,0.43175649642944336,,,45.375
1760969724.078,170.496,0.27207374572753906,0.43175649642944336,,,45.375
1760969724.111,174.496,0.2559380531311035,0.43175649642944336,,,51.133
1760969724.142,174.496,0.2559380531311035,0.43175649642944336,,,51.133
1760969724.189,174.496,0.2559380531311035,0.43175649642944336,,,51.133
1760969724.222,174.496,0.2559380531311035,0.43175649642944336,,,51.133
1760969724.254,174.496,0.2559380531311035,0.43175649642944336,,,51.133
1760969724.286,174.496,0.2559380531311035,0.43175649642944336,,,51.133
1760969724.318,174.496,0.2559380531311035,0.43175649642944336,,,51.133
1760969724.351,192.068,0.2559380531311035,0.36884212493896484,,,36.142
1760969724.382,192.068,0.2559380531311035,0.36884212493896484,,,36.142
1760969724.413,178.148,0.30475401878356934,0.36884212493896484,,,19.029
1760969724.446,178.148,0.30475401878356934,0.36884212493896484,,,19.029
1760969724.478,178.148,0.30475401878356934,0.36884212493896484,,,19.029
1760969724.509,178.148,0.30475401878356934,0.36884212493896484,,,19.029
1760969724.559,178.148,0.30475401878356934,0.36884212493896484,,,19.029
1760969724.589,178.148,0.30475401878356934,0.36884212493896484,,,19.029
1760969724.621,208.523,0.30475401878356934,0.2707216739654541,,,11.828
1760969724.654,208.523,0.30475401878356934,0.2707216739654541,,,11.828
1760969724.686,208.523,0.30475401878356934,0.2707216739654541,,,11.828
1760969724.718,208.523,0.30475401878356934,0.2707216739654541,,,11.828
1760969724.750,197.870,0.3357372283935547,0.2707216739654541,,,21.441
1760969724.783,197.870,0.3357372283935547,0.2707216739654541,,,21.441
1760969724.814,197.870,0.3357372283935547,0.2707216739654541,,,21.441
1760969724.846,197.870,0.3357372283935547,0.2707216739654541,,,21.441
1760969724.894,197.870,0.3357372283935547,0.2707216739654541,,,21.441
1760969724.926,197.870,0.3357372283935547,0.2707216739654541,,,21.441
1760969724.958,197.870,0.3357372283935547,0.2707216739654541,,,21.441
1760969724.990,197.870,0.3357372283935547,0.2707216739654541,,,21.441
1760969725.022,178.607,0.2714555263519287,0.40041041374206543,,,38.387
1760969725.053,178.607,0.2714555263519287,0.40041041374206543,,,38.387
1760969725.085,178.607,0.2714555263519287,0.40041041374206543,,,38.387
1760969725.117,178.607,0.2714555263519287,0.40041041374206543,,,38.387
1760969725.149,178.607,0.2714555263519287,0.40041041374206543,,,38.387
1760969725.182,178.607,0.2714555263519287,0.40041041374206543,,,38.387
1760969725.215,178.607,0.2714555263519287,0.40041041374206543,,,38.387
1760969725.261,178.607,0.2714555263519287,0.40041041374206543,,,38.387
1760969725.294,220.860,0.2714555263519287,0.27187442779541016,,,0.154
1760969725.326,220.860,0.2714555263519287,0.27187442779541016,,,0.154
1760969725.358,220.860,0.2714555263519287,0.27187442779541016,,,0.154
1760969725.390,187.443,0.3683207035064697,0.27187442779541016,,,30.130
1760969725.421,187.443,0.3683207035064697,0.27187442779541016,,,30.130
1760969725.455,187.443,0.3683207035064697,0.27187442779541016,,,30.130
1760969725.486,187.443,0.3683207035064697,0.27187442779541016,,,30.130
1760969725.518,187.443,0.3683207035064697,0.27187442779541016,,,30.130
1760969725.550,187.443,0.3683207035064697,0.27187442779541016,,,30.130
1760969725.582,182.773,0.3683207035064697,0.28823137283325195,,,24.397
1760969725.630,182.773,0.3683207035064697,0.28823137283325195,,,24.397
1760969725.663,182.773,0.3683207035064697,0.28823137283325195,,,24.397
1760969725.694,182.773,0.3683207035064697,0.28823137283325195,,,24.397
1760969725.726,192.287,0.3358345031738281,0.28823137283325195,,,15.256
1760969725.758,192.287,0.3358345031738281,0.28823137283325195,,,15.256
1760969725.790,192.287,0.3358345031738281,0.28823137283325195,,,15.256
1760969725.822,192.287,0.3358345031738281,0.28823137283325195,,,15.256
1760969725.855,197.228,0.3358345031738281,0.2725992202758789,,,20.786
1760969725.886,197.228,0.3358345031738281,0.2725992202758789,,,20.786
1760969725.918,197.228,0.3358345031738281,0.2725992202758789,,,20.786
1760969725.950,197.228,0.3358345031738281,0.2725992202758789,,,20.786
1760969725.998,226.927,0.25620532035827637,0.2725992202758789,,,6.200
1760969726.030,226.927,0.25620532035827637,0.2725992202758789,,,6.200
1760969726.062,226.927,0.25620532035827637,0.2725992202758789,,,6.200
1760969726.094,226.927,0.25620532035827637,0.2725992202758789,,,6.200
1760969726.125,226.927,0.25620532035827637,0.2725992202758789,,,6.200
1760969726.157,214.647,0.25620532035827637,0.3028533458709717,,,16.688
1760969726.190,214.647,0.25620532035827637,0.3028533458709717,,,16.688
1760969726.222,214.647,0.25620532035827637,0.3028533458709717,,,16.688
1760969726.253,208.872,0.27166104316711426,0.3028533458709717,,,10.859
1760969726.287,208.872,0.27166104316711426,0.3028533458709717,,,10.859
1760969726.319,208.872,0.27166104316711426,0.3028533458709717,,,10.859
1760969726.365,208.872,0.27166104316711426,0.3028533458709717,,,10.859
1760969726.398,208.872,0.27166104316711426,0.3028533458709717,,,10.859
1760969726.429,208.872,0.27166104316711426,0.3028533458709717,,,10.859
1760969726.462,208.325,0.27166104316711426,0.30436182022094727,,,11.354
1760969726.494,208.325,0.27166104316711426,0.30436182022094727,,,11.354
1760969726.526,208.325,0.27166104316711426,0.30436182022094727,,,11.354
1760969726.558,196.996,0.30478763580322266,0.30436182022094727,,,0.140
1760969726.590,196.996,0.30478763580322266,0.30436182022094727,,,0.140
1760969726.622,196.996,0.30478763580322266,0.30436182022094727,,,0.140
1760969726.654,196.996,0.30478763580322266,0.30436182022094727,,,0.140
1760969726.702,196.996,0.30478763580322266,0.30436182022094727,,,0.140
1760969726.734,207.930,0.30478763580322266,0.27232837677001953,,,11.249
1760969726.766,207.930,0.30478763580322266,0.27232837677001953,,,11.249
1760969726.797,207.930,0.30478763580322266,0.27232837677001953,,,11.249
1760969726.830,207.930,0.30478763580322266,0.27232837677001953,,,11.249
1760969726.862,208.495,0.3032238483428955,0.27232837677001953,,,10.736
1760969726.894,208.495,0.3032238483428955,0.27232837677001953,,,10.736
1760969726.925,208.495,0.3032238483428955,0.27232837677001953,,,10.736
1760969726.959,208.495,0.3032238483428955,0.27232837677001953,,,10.736
1760969726.990,208.495,0.3032238483428955,0.27232837677001953,,,10.736
1760969727.022,203.040,0.3032238483428955,0.28779125213623047,,,5.222
1760969727.069,203.040,0.3032238483428955,0.28779125213623047,,,5.222
1760969727.102,203.040,0.3032238483428955,0.28779125213623047,,,5.222
1760969727.133,214.077,0.272754430770874,0.28779125213623047,,,5.365
1760969727.165,214.077,0.272754430770874,0.28779125213623047,,,5.365
1760969727.198,214.077,0.272754430770874,0.28779125213623047,,,5.365
1760969727.230,214.077,0.272754430770874,0.28779125213623047,,,5.365
1760969727.261,214.077,0.272754430770874,0.28779125213623047,,,5.365
1760969727.294,214.077,0.272754430770874,0.28779125213623047,,,5.365
1760969727.325,207.889,0.272754430770874,0.3044755458831787,,,10.991
1760969727.357,207.889,0.272754430770874,0.3044755458831787,,,10.991
1760969727.390,207.889,0.272754430770874,0.3044755458831787,,,10.991
1760969727.438,202.517,0.2880673408508301,0.3044755458831787,,,5.538
1760969727.470,202.517,0.2880673408508301,0.3044755458831787,,,5.538
1760969727.502,202.517,0.2880673408508301,0.3044755458831787,,,5.538
1760969727.534,202.517,0.2880673408508301,0.3044755458831787,,,5.538
1760969727.565,202.517,0.2880673408508301,0.3044755458831787,,,5.538
1760969727.598,214.555,0.2880673408508301,0.2712287902832031,,,6.021
1760969727.631,214.555,0.2880673408508301,0.2712287902832031,,,6.021
1760969727.661,214.555,0.2880673408508301,0.2712287902832031,,,6.021
1760969727.693,214.555,0.2880673408508301,0.2712287902832031,,,6.021
1760969727.726,214.555,0.2880673408508301,0.2712287902832031,,,6.021
1760969727.758,214.555,0.2880673408508301,0.2712287902832031,,,6.021
1760969727.805,187.702,0.36808276176452637,0.2712287902832031,,,30.299
1760969727.839,187.702,0.36808276176452637,0.2712287902832031,,,30.299
1760969727.869,187.702,0.36808276176452637,0.2712287902832031,,,30.299
1760969727.902,178.567,0.36808276176452637,0.3039357662200928,,,19.091
1760969727.934,178.567,0.36808276176452637,0.3039357662200928,,,19.091
1760969727.966,178.567,0.36808276176452637,0.3039357662200928,,,19.091
1760969727.998,178.567,0.36808276176452637,0.3039357662200928,,,19.091
1760969728.030,178.567,0.36808276176452637,0.3039357662200928,,,19.091
1760969728.062,178.567,0.36808276176452637,0.3039357662200928,,,19.091
1760969728.093,178.567,0.36808276176452637,0.3039357662200928,,,19.091
1760969728.126,187.854,0.33485913276672363,0.3039357662200928,,,9.682
1760969728.173,187.854,0.33485913276672363,0.3039357662200928,,,9.682
1760969728.206,187.924,0.33485913276672363,0.3036973476409912,,,9.760
1760969728.237,187.924,0.33485913276672363,0.3036973476409912,,,9.760
1760969728.269,187.924,0.33485913276672363,0.3036973476409912,,,9.760
1760969728.301,187.924,0.33485913276672363,0.3036973476409912,,,9.760
1760969728.333,187.924,0.33485913276672363,0.3036973476409912,,,9.760
1760969728.365,187.924,0.33485913276672363,0.3036973476409912,,,9.760
1760969728.398,187.924,0.33485913276672363,0.3036973476409912,,,9.760
1760969728.430,197.387,0.3042464256286621,0.3036973476409912,,,0.181
1760969728.462,197.387,0.3042464256286621,0.3036973476409912,,,0.181
1760969728.509,202.091,0.3042464256286621,0.28954553604125977,,,4.952
1760969728.542,202.091,0.3042464256286621,0.28954553604125977,,,4.952
1760969728.574,202.091,0.3042464256286621,0.28954553604125977,,,4.952
1760969728.606,202.091,0.3042464256286621,0.28954553604125977,,,4.952
1760969728.638,202.091,0.3042464256286621,0.28954553604125977,,,4.952
1760969728.670,202.091,0.3042464256286621,0.28954553604125977,,,4.952
1760969728.702,202.091,0.3042464256286621,0.28954553604125977,,,4.952
1760969728.733,201.970,0.30460309982299805,0.28954553604125977,,,5.069
1760969728.766,208.478,0.30460309982299805,0.2709963321685791,,,11.677
1760969728.797,208.478,0.30460309982299805,0.2709963321685791,,,11.677
1760969728.830,208.478,0.30460309982299805,0.2709963321685791,,,11.677
1760969728.877,208.478,0.30460309982299805,0.2709963321685791,,,11.677
1760969728.911,208.478,0.30460309982299805,0.2709963321685791,,,11.677
1760969728.941,208.478,0.30460309982299805,0.2709963321685791,,,11.677
1760969728.973,208.478,0.30460309982299805,0.2709963321685791,,,11.677
1760969729.005,221.301,0.27125048637390137,0.2709963321685791,,,0.094
1760969729.037,221.096,0.27125048637390137,0.2715010643005371,,,0.092
1760969729.070,221.096,0.27125048637390137,0.2715010643005371,,,0.092
1760969729.102,221.096,0.27125048637390137,0.2715010643005371,,,0.092
1760969729.134,221.096,0.27125048637390137,0.2715010643005371,,,0.092
1760969729.166,221.096,0.27125048637390137,0.2715010643005371,,,0.092
1760969729.197,221.096,0.27125048637390137,0.2715010643005371,,,0.092
1760969729.245,221.096,0.27125048637390137,0.2715010643005371,,,0.092
1760969729.278,221.096,0.27125048637390137,0.2715010643005371,,,0.092
1760969729.310,221.096,0.27125048637390137,0.2715010643005371,,,0.092
1760969729.343,187.292,0.3361170291900635,0.304593563079834,,,9.840
1760969729.373,187.292,0.3361170291900635,0.304593563079834,,,9.840
1760969729.405,187.292,0.3361170291900635,0.304593563079834,,,9.840
1760969729.437,187.292,0.3361170291900635,0.304593563079834,,,9.840
1760969729.470,187.292,0.3361170291900635,0.304593563079834,,,9.840
1760969729.501,187.292,0.3361170291900635,0.304593563079834,,,9.840
1760969729.535,187.292,0.3361170291900635,0.304593563079834,,,9.840
1760969729.565,187.292,0.3361170291900635,0.304593563079834,,,9.840
1760969729.613,187.292,0.3361170291900635,0.304593563079834,,,9.840
1760969729.646,197.424,0.30391454696655273,0.30391454696655273,,,0.000
1760969729.678,197.424,0.30391454696655273,0.30391454696655273,,,0.000
1760969729.710,197.424,0.30391454696655273,0.30391454696655273,,,0.000
1760969729.741,197.424,0.30391454696655273,0.30391454696655273,,,0.000
1760969729.774,197.424,0.30391454696655273,0.30391454696655273,,,0.000
1760969729.805,197.424,0.30391454696655273,0.30391454696655273,,,0.000
1760969729.838,197.424,0.30391454696655273,0.30391454696655273,,,0.000
1760969729.870,197.424,0.30391454696655273,0.30391454696655273,,,0.000
1760969729.902,197.424,0.30391454696655273,0.30391454696655273,,,0.000
1760969729.934,202.592,0.30391454696655273,0.2884097099304199,,,5.235
1760969729.982,197.190,0.3201415538787842,0.2884097099304199,,,10.429
1760969730.013,197.190,0.3201415538787842,0.2884097099304199,,,10.429
1760969730.046,197.190,0.3201415538787842,0.2884097099304199,,,10.429
1760969730.078,197.190,0.3201415538787842,0.2884097099304199,,,10.429
1760969730.110,197.190,0.3201415538787842,0.2884097099304199,,,10.429
1760969730.142,197.190,0.3201415538787842,0.2884097099304199,,,10.429
1760969730.173,197.190,0.3201415538787842,0.2884097099304199,,,10.429
1760969730.206,197.190,0.3201415538787842,0.2884097099304199,,,10.429
1760969730.237,197.190,0.3201415538787842,0.2884097099304199,,,10.429
1760969730.270,187.806,0.30361270904541016,0.3353445529937744,,,9.932
1760969730.318,187.806,0.30361270904541016,0.3353445529937744,,,9.932
1760969730.349,187.806,0.30361270904541016,0.3353445529937744,,,9.932
1760969730.382,187.806,0.30361270904541016,0.3353445529937744,,,9.932
1760969730.413,187.806,0.30361270904541016,0.3353445529937744,,,9.932
1760969730.447,187.806,0.30361270904541016,0.3353445529937744,,,9.932
1760969730.477,187.806,0.30361270904541016,0.3353445529937744,,,9.932
1760969730.509,187.806,0.30361270904541016,0.3353445529937744,,,9.932
1760969730.542,187.806,0.30361270904541016,0.3353445529937744,,,9.932
1760969730.574,187.483,0.30471205711364746,0.3353445529937744,,,9.572
1760969730.606,186.984,0.30471205711364746,0.3370552062988281,,,10.079
1760969730.638,186.984,0.30471205711364746,0.3370552062988281,,,10.079
1760969730.686,186.984,0.30471205711364746,0.3370552062988281,,,10.079
1760969730.717,186.984,0.30471205711364746,0.3370552062988281,,,10.079
1760969730.750,186.984,0.30471205711364746,0.3370552062988281,,,10.079
1760969730.782,186.984,0.30471205711364746,0.3370552062988281,,,10.079
1760969730.813,186.984,0.30471205711364746,0.3370552062988281,,,10.079
1760969730.845,186.984,0.30471205711364746,0.3370552062988281,,,10.079
1760969730.878,186.984,0.30471205711364746,0.3370552062988281,,,10.079
1760969730.909,186.984,0.30471205711364746,0.3370552062988281,,,10.079
1760969730.941,186.984,0.30471205711364746,0.3370552062988281,,,10.079
1760969730.973,156.525,0.39949631690979004,0.3671531677246094,,,8.438
1760969731.006,156.525,0.39949631690979004,0.3671531677246094,,,8.438
1760969731.054,156.525,0.39949631690979004,0.3671531677246094,,,8.438
1760969731.087,156.525,0.39949631690979004,0.3671531677246094,,,8.438
1760969731.117,156.525,0.39949631690979004,0.3671531677246094,,,8.438
1760969731.150,156.525,0.39949631690979004,0.3671531677246094,,,8.438
1760969731.182,156.525,0.39949631690979004,0.3671531677246094,,,8.438
1760969731.213,156.525,0.39949631690979004,0.3671531677246094,,,8.438
1760969731.246,187.800,0.2718234062194824,0.3671531677246094,,,29.838
1760969731.279,187.800,0.2718234062194824,0.3671531677246094,,,29.838
1760969731.310,187.800,0.2718234062194824,0.3671531677246094,,,29.838
1760969731.341,187.800,0.2718234062194824,0.3671531677246094,,,29.838
1760969731.374,178.649,0.2718234062194824,0.399885892868042,,,38.130
1760969731.422,178.649,0.2718234062194824,0.399885892868042,,,38.130
1760969731.453,178.649,0.2718234062194824,0.399885892868042,,,38.130
1760969731.486,178.649,0.2718234062194824,0.399885892868042,,,38.130
1760969731.518,178.649,0.2718234062194824,0.399885892868042,,,38.130
1760969731.549,170.361,0.30449867248535156,0.399885892868042,,,27.084
1760969731.582,170.361,0.30449867248535156,0.399885892868042,,,27.084
1760969731.614,170.361,0.30449867248535156,0.399885892868042,,,27.084
1760969731.645,170.361,0.30449867248535156,0.399885892868042,,,27.084
1760969731.677,170.361,0.30449867248535156,0.399885892868042,,,27.084
1760969731.711,187.296,0.30449867248535156,0.3361999988555908,,,9.896
1760969731.741,187.296,0.30449867248535156,0.3361999988555908,,,9.896
1760969731.790,187.296,0.30449867248535156,0.3361999988555908,,,9.896
1760969731.822,187.296,0.30449867248535156,0.3361999988555908,,,9.896
1760969731.853,187.296,0.30449867248535156,0.3361999988555908,,,9.896
1760969731.886,187.296,0.30449867248535156,0.3361999988555908,,,9.896
1760969731.918,187.296,0.30449867248535156,0.3361999988555908,,,9.896
1760969731.951,187.296,0.30449867248535156,0.3361999988555908,,,9.896
1760969731.981,207.646,0.30449867248535156,0.2734072208404541,,,10.760
1760969732.014,207.646,0.30449867248535156,0.2734072208404541,,,10.760
1760969732.046,155.998,0.4958338737487793,0.2734072208404541,,,57.830
1760969732.077,155.998,0.4958338737487793,0.2734072208404541,,,57.830
1760969732.126,155.998,0.4958338737487793,0.2734072208404541,,,57.830
1760969732.159,155.998,0.4958338737487793,0.2734072208404541,,,57.830
1760969732.189,155.998,0.4958338737487793,0.2734072208404541,,,57.830
1760969732.222,155.998,0.4958338737487793,0.2734072208404541,,,57.830
1760969732.254,155.998,0.4958338737487793,0.2734072208404541,,,57.830
1760969732.285,150.184,0.4958338737487793,0.3031885623931885,,,48.220
1760969732.317,150.184,0.4958338737487793,0.3031885623931885,,,48.220
1760969732.350,197.657,0.303924560546875,0.3031885623931885,,,0.242
1760969732.382,197.657,0.303924560546875,0.3031885623931885,,,0.242
1760969732.413,197.657,0.303924560546875,0.3031885623931885,,,0.242
1760969732.446,197.657,0.303924560546875,0.3031885623931885,,,0.242
1760969732.493,197.657,0.303924560546875,0.3031885623931885,,,0.242
1760969732.526,197.657,0.303924560546875,0.3031885623931885,,,0.242
1760969732.559,197.657,0.303924560546875,0.3031885623931885,,,0.242
1760969732.590,197.235,0.303924560546875,0.3044857978820801,,,0.184
1760969732.623,197.235,0.303924560546875,0.3044857978820801,,,0.184
1760969732.653,197.235,0.303924560546875,0.3044857978820801,,,0.184
1760969732.686,187.369,0.33596014976501465,0.3044857978820801,,,9.829
1760969732.717,187.369,0.33596014976501465,0.3044857978820801,,,9.829
1760969732.750,187.369,0.33596014976501465,0.3044857978820801,,,9.829
1760969732.780,187.369,0.33596014976501465,0.3044857978820801,,,9.829
1760969732.814,187.369,0.33596014976501465,0.3044857978820801,,,9.829
1760969732.861,202.754,0.33596014976501465,0.2558889389038086,,,27.058
1760969732.894,202.754,0.33596014976501465,0.2558889389038086,,,27.058
1760969732.926,202.754,0.33596014976501465,0.2558889389038086,,,27.058
1760969732.958,227.138,0.27242374420166016,0.2558889389038086,,,6.259
1760969732.989,227.138,0.27242374420166016,0.2558889389038086,,,6.259
1760969733.021,227.138,0.27242374420166016,0.2558889389038086,,,6.259
1760969733.054,227.138,0.27242374420166016,0.2558889389038086,,,6.259
1760969733.085,227.138,0.27242374420166016,0.2558889389038086,,,6.259
1760969733.117,220.972,0.27242374420166016,0.2706325054168701,,,0.660
1760969733.150,220.972,0.27242374420166016,0.2706325054168701,,,0.660
1760969733.182,220.972,0.27242374420166016,0.2706325054168701,,,0.660
1760969733.230,220.972,0.27242374420166016,0.2706325054168701,,,0.660
1760969733.263,220.972,0.27242374420166016,0.2706325054168701,,,0.660
1760969733.293,197.583,0.33670783042907715,0.2706325054168701,,,21.759
1760969733.325,197.583,0.33670783042907715,0.2706325054168701,,,21.759
1760969733.357,197.583,0.33670783042907715,0.2706325054168701,,,21.759
1760969733.390,197.583,0.33670783042907715,0.2706325054168701,,,21.759
1760969733.422,187.159,0.33670783042907715,0.3044593334197998,,,10.059
1760969733.454,187.159,0.33670783042907715,0.3044593334197998,,,10.059
1760969733.485,187.159,0.33670783042907715,0.3044593334197998,,,10.059
1760969733.518,187.159,0.33670783042907715,0.3044593334197998,,,10.059
1760969733.550,187.159,0.33670783042907715,0.3044593334197998,,,10.059
1760969733.597,202.835,0.2871541976928711,0.3044593334197998,,,5.850
1760969733.630,202.835,0.2871541976928711,0.3044593334197998,,,5.850
1760969733.662,202.835,0.2871541976928711,0.3044593334197998,,,5.850
1760969733.694,202.835,0.2871541976928711,0.3044593334197998,,,5.850
1760969733.726,202.737,0.2871541976928711,0.3047444820404053,,,5.944
1760969733.758,202.737,0.2871541976928711,0.3047444820404053,,,5.944
1760969733.790,202.737,0.2871541976928711,0.3047444820404053,,,5.944
1760969733.822,202.737,0.2871541976928711,0.3047444820404053,,,5.944
1760969733.853,202.737,0.2871541976928711,0.3047444820404053,,,5.944
1760969733.887,202.737,0.2871541976928711,0.3047444820404053,,,5.944
1760969733.917,202.737,0.2871541976928711,0.3047444820404053,,,5.944
1760969733.966,178.517,0.367459774017334,0.3047444820404053,,,18.660
1760969733.997,187.889,0.367459774017334,0.27121448516845703,,,30.139
1760969734.029,187.889,0.367459774017334,0.27121448516845703,,,30.139
1760969734.061,187.889,0.367459774017334,0.27121448516845703,,,30.139
1760969734.094,187.889,0.367459774017334,0.27121448516845703,,,30.139
1760969734.127,187.889,0.367459774017334,0.27121448516845703,,,30.139
1760969734.158,187.889,0.367459774017334,0.27121448516845703,,,30.139
1760969734.190,187.889,0.367459774017334,0.27121448516845703,,,30.139
1760969734.221,187.889,0.367459774017334,0.27121448516845703,,,30.139
1760969734.253,214.180,0.30429863929748535,0.2559776306152344,,,17.249
1760969734.301,214.180,0.30429863929748535,0.2559776306152344,,,17.249
1760969734.335,214.180,0.30429863929748535,0.2559776306152344,,,17.249
1760969734.366,214.180,0.30429863929748535,0.2559776306152344,,,17.249
1760969734.397,214.180,0.30429863929748535,0.2559776306152344,,,17.249
1760969734.429,214.180,0.30429863929748535,0.2559776306152344,,,17.249
1760969734.462,214.180,0.30429863929748535,0.2559776306152344,,,17.249
1760969734.493,214.180,0.30429863929748535,0.2559776306152344,,,17.249
1760969734.526,208.429,0.30429863929748535,0.271437406539917,,,11.415
1760969734.558,208.520,0.3040456771850586,0.271437406539917,,,11.332
1760969734.589,208.520,0.3040456771850586,0.271437406539917,,,11.332
1760969734.621,208.520,0.3040456771850586,0.271437406539917,,,11.332
1760969734.669,208.520,0.3040456771850586,0.271437406539917,,,11.332
1760969734.701,208.520,0.3040456771850586,0.271437406539917,,,11.332
1760969734.734,208.520,0.3040456771850586,0.271437406539917,,,11.332
1760969734.765,208.520,0.3040456771850586,0.271437406539917,,,11.332
1760969734.799,208.520,0.3040456771850586,0.271437406539917,,,11.332
1760969734.830,206.802,0.27382779121398926,0.30643606185913086,,,11.239
1760969734.862,206.802,0.27382779121398926,0.30643606185913086,,,11.239
1760969734.893,206.802,0.27382779121398926,0.30643606185913086,,,11.239
1760969734.926,206.802,0.27382779121398926,0.30643606185913086,,,11.239
1760969734.957,206.802,0.27382779121398926,0.30643606185913086,,,11.239
1760969734.990,206.802,0.27382779121398926,0.30643606185913086,,,11.239
1760969735.037,206.802,0.27382779121398926,0.30643606185913086,,,11.239
1760969735.070,206.802,0.27382779121398926,0.30643606185913086,,,11.239
1760969735.101,220.574,0.27382779121398926,0.2702066898345947,,,1.331
1760969735.134,220.574,0.27382779121398926,0.2702066898345947,,,1.331
1760969735.166,220.574,0.27382779121398926,0.2702066898345947,,,1.331
1760969735.197,188.549,0.36623096466064453,0.2702066898345947,,,30.175
1760969735.230,188.549,0.36623096466064453,0.2702066898345947,,,30.175
1760969735.262,188.549,0.36623096466064453,0.2702066898345947,,,30.175
1760969735.294,188.549,0.36623096466064453,0.2702066898345947,,,30.175
1760969735.326,188.549,0.36623096466064453,0.2702066898345947,,,30.175
1760969735.357,192.772,0.36623096466064453,0.25626611709594727,,,35.330
1760969735.405,192.772,0.36623096466064453,0.25626611709594727,,,35.330
1760969735.439,192.772,0.36623096466064453,0.25626611709594727,,,35.330
1760969735.470,192.772,0.36623096466064453,0.25626611709594727,,,35.330
1760969735.502,214.116,0.30417895317077637,0.25626611709594727,,,17.098
1760969735.533,214.116,0.30417895317077637,0.25626611709594727,,,17.098
1760969735.565,214.116,0.30417895317077637,0.25626611709594727,,,17.098
1760969735.598,214.116,0.30417895317077637,0.25626611709594727,,,17.098
1760969735.631,214.116,0.30417895317077637,0.25626611709594727,,,17.098
1760969735.661,214.116,0.30417895317077637,0.25626611709594727,,,17.098
1760969735.694,214.116,0.30417895317077637,0.25626611709594727,,,17.098
1760969735.725,214.116,0.30417895317077637,0.25626611709594727,,,17.098
1760969735.773,183.229,0.2554910182952881,0.399428129196167,,,43.956
1760969735.806,183.229,0.2554910182952881,0.399428129196167,,,43.956
1760969735.838,183.229,0.2554910182952881,0.399428129196167,,,43.956
1760969735.870,183.229,0.2554910182952881,0.399428129196167,,,43.956
1760969735.902,183.229,0.2554910182952881,0.399428129196167,,,43.956
1760969735.933,183.229,0.2554910182952881,0.399428129196167,,,43.956
1760969735.966,183.229,0.2554910182952881,0.399428129196167,,,43.956
1760969735.997,183.229,0.2554910182952881,0.399428129196167,,,43.956
1760969736.029,227.478,0.2554910182952881,0.2720324993133545,,,6.271
1760969736.062,208.490,0.30353379249572754,0.2720324993133545,,,10.946
1760969736.109,208.490,0.30353379249572754,0.2720324993133545,,,10.946
1760969736.142,208.490,0.30353379249572754,0.2720324993133545,,,10.946
1760969736.173,208.490,0.30353379249572754,0.2720324993133545,,,10.946
1760969736.206,208.490,0.30353379249572754,0.2720324993133545,,,10.946
1760969736.238,208.490,0.30353379249572754,0.2720324993133545,,,10.946
1760969736.270,208.490,0.30353379249572754,0.2720324993133545,,,10.946
1760969736.302,208.269,0.30353379249572754,0.2726438045501709,,,10.722
1760969736.334,208.269,0.30353379249572754,0.2726438045501709,,,10.722
1760969736.366,208.269,0.30353379249572754,0.2726438045501709,,,10.722
1760969736.397,196.713,0.3373832702636719,0.2726438045501709,,,21.225
1760969736.430,196.713,0.3373832702636719,0.2726438045501709,,,21.225
1760969736.477,196.713,0.3373832702636719,0.2726438045501709,,,21.225
1760969736.510,196.713,0.3373832702636719,0.2726438045501709,,,21.225
1760969736.542,196.713,0.3373832702636719,0.2726438045501709,,,21.225
1760969736.574,196.966,0.3373832702636719,0.27185773849487305,,,21.510
1760969736.605,196.966,0.3373832702636719,0.27185773849487305,,,21.510
1760969736.637,196.966,0.3373832702636719,0.27185773849487305,,,21.510
1760969736.669,196.966,0.3373832702636719,0.27185773849487305,,,21.510
1760969736.702,196.966,0.3373832702636719,0.27185773849487305,,,21.510
1760969736.733,196.966,0.3373832702636719,0.27185773849487305,,,21.510
1760969736.766,187.861,0.3669135570526123,0.27185773849487305,,,29.762
1760969736.798,187.861,0.3669135570526123,0.27185773849487305,,,29.762
1760969736.846,192.612,0.3669135570526123,0.2561008930206299,,,35.573
1760969736.878,192.612,0.3669135570526123,0.2561008930206299,,,35.573
1760969736.909,192.612,0.3669135570526123,0.2561008930206299,,,35.573
1760969736.943,192.612,0.3669135570526123,0.2561008930206299,,,35.573
1760969736.974,192.612,0.3669135570526123,0.2561008930206299,,,35.573
1760969737.005,192.612,0.3669135570526123,0.2561008930206299,,,35.573
1760969737.038,192.612,0.3669135570526123,0.2561008930206299,,,35.573
1760969737.069,213.867,0.3049967288970947,0.2561008930206299,,,17.429
1760969737.101,213.867,0.3049967288970947,0.2561008930206299,,,17.429
1760969737.134,197.218,0.3049967288970947,0.3034672737121582,,,0.503
1760969737.166,197.218,0.3049967288970947,0.3034672737121582,,,0.503
1760969737.213,197.218,0.3049967288970947,0.3034672737121582,,,0.503
1760969737.246,197.218,0.3049967288970947,0.3034672737121582,,,0.503
1760969737.278,197.218,0.3049967288970947,0.3034672737121582,,,0.503
1760969737.310,197.218,0.3049967288970947,0.3034672737121582,,,0.503
1760969737.341,208.721,0.27146172523498535,0.3034672737121582,,,11.134
1760969737.374,208.721,0.27146172523498535,0.3034672737121582,,,11.134
1760969737.406,208.721,0.27146172523498535,0.3034672737121582,,,11.134
1760969737.437,208.422,0.27146172523498535,0.3042936325073242,,,11.405
1760969737.470,208.422,0.27146172523498535,0.3042936325073242,,,11.405
1760969737.502,208.422,0.27146172523498535,0.3042936325073242,,,11.405
1760969737.533,208.422,0.27146172523498535,0.3042936325073242,,,11.405
1760969737.582,208.422,0.27146172523498535,0.3042936325073242,,,11.405
1760969737.613,208.422,0.27146172523498535,0.3042936325073242,,,11.405
1760969737.646,208.422,0.27146172523498535,0.3042936325073242,,,11.405
1760969737.677,208.422,0.27146172523498535,0.3042936325073242,,,11.405
1760969737.710,221.067,0.27146172523498535,0.2713603973388672,,,0.037
1760969737.741,221.067,0.27146172523498535,0.2713603973388672,,,0.037
1760969737.773,170.706,0.43160104751586914,0.2713603973388672,,,45.590
1760969737.806,170.706,0.43160104751586914,0.2713603973388672,,,45.590
1760969737.837,170.706,0.43160104751586914,0.2713603973388672,,,45.590
1760969737.870,170.706,0.43160104751586914,0.2713603973388672,,,45.590
1760969737.917,170.706,0.43160104751586914,0.2713603973388672,,,45.590
1760969737.950,170.706,0.43160104751586914,0.2713603973388672,,,45.590
1760969737.982,170.374,0.43160104751586914,0.27273011207580566,,,45.112
1760969738.014,170.374,0.43160104751586914,0.27273011207580566,,,45.112
1760969738.046,170.374,0.43160104751586914,0.27273011207580566,,,45.112
1760969738.077,170.374,0.43160104751586914,0.27273011207580566,,,45.112
1760969738.109,170.374,0.43160104751586914,0.27273011207580566,,,45.112
1760969738.141,170.374,0.43160104751586914,0.27273011207580566,,,45.112
1760969738.174,170.374,0.43160104751586914,0.27273011207580566,,,45.112
1760969738.206,170.374,0.43160104751586914,0.27273011207580566,,,45.112
1760969738.238,162.788,0.46442413330078125,0.27273011207580566,,,52.009
1760969738.285,162.788,0.46442413330078125,0.27273011207580566,,,52.009
1760969738.318,162.788,0.46442413330078125,0.27273011207580566,,,52.009
1760969738.349,144.175,0.46442413330078125,0.36789608001708984,,,23.195
1760969738.381,144.175,0.46442413330078125,0.36789608001708984,,,23.195
1760969738.413,144.175,0.46442413330078125,0.36789608001708984,,,23.195
1760969738.445,144.175,0.46442413330078125,0.36789608001708984,,,23.195
1760969738.477,144.175,0.46442413330078125,0.36789608001708984,,,23.195
1760969738.509,144.175,0.46442413330078125,0.36789608001708984,,,23.195
1760969738.542,144.175,0.46442413330078125,0.36789608001708984,,,23.195
1760969738.573,170.441,0.33615851402282715,0.36789608001708984,,,9.016
1760969738.605,202.812,0.33615851402282715,0.2555224895477295,,,27.256
1760969738.654,202.812,0.33615851402282715,0.2555224895477295,,,27.256
1760969738.686,202.812,0.33615851402282715,0.2555224895477295,,,27.256
1760969738.717,202.812,0.33615851402282715,0.2555224895477295,,,27.256
1760969738.749,202.812,0.33615851402282715,0.2555224895477295,,,27.256
1760969738.782,202.812,0.33615851402282715,0.2555224895477295,,,27.256
1760969738.814,202.812,0.33615851402282715,0.2555224895477295,,,27.256
1760969738.845,202.812,0.33615851402282715,0.2555224895477295,,,27.256
1760969738.878,208.376,0.30365777015686035,0.27222561836242676,,,10.916
1760969738.910,208.376,0.30365777015686035,0.27222561836242676,,,10.916
1760969738.941,208.376,0.30365777015686035,0.27222561836242676,,,10.916
1760969738.973,208.376,0.30365777015686035,0.27222561836242676,,,10.916
1760969739.021,208.376,0.30365777015686035,0.27222561836242676,,,10.916
1760969739.053,208.376,0.30365777015686035,0.27222561836242676,,,10.916
1760969739.085,208.376,0.30365777015686035,0.27222561836242676,,,10.916
1760969739.118,208.376,0.30365777015686035,0.27222561836242676,,,10.916
1760969739.149,208.376,0.30365777015686035,0.27222561836242676,,,10.916
1760969739.182,208.222,0.30408215522766113,0.27222561836242676,,,11.055
1760969739.214,208.222,0.30408215522766113,0.27222561836242676,,,11.055
1760969739.246,178.383,0.30408215522766113,0.36862754821777344,,,19.190
1760969739.277,178.383,0.30408215522766113,0.36862754821777344,,,19.190
1760969739.310,178.383,0.30408215522766113,0.36862754821777344,,,19.190
1760969739.342,178.383,0.30408215522766113,0.36862754821777344,,,19.190
1760969739.389,178.383,0.30408215522766113,0.36862754821777344,,,19.190
1760969739.421,178.383,0.30408215522766113,0.36862754821777344,,,19.190
1760969739.454,178.383,0.30408215522766113,0.36862754821777344,,,19.190
1760969739.485,178.214,0.3047187328338623,0.36862754821777344,,,18.982
1760969739.518,178.214,0.3047187328338623,0.36862754821777344,,,18.982
1760969739.550,178.214,0.3047187328338623,0.36862754821777344,,,18.982
1760969739.582,187.350,0.3047187328338623,0.33579254150390625,,,9.703
1760969739.614,187.350,0.3047187328338623,0.33579254150390625,,,9.703
1760969739.646,187.350,0.3047187328338623,0.33579254150390625,,,9.703
1760969739.678,187.350,0.3047187328338623,0.33579254150390625,,,9.703
1760969739.726,187.350,0.3047187328338623,0.33579254150390625,,,9.703
1760969739.758,197.574,0.2715754508972168,0.33579254150390625,,,21.146
1760969739.789,197.574,0.2715754508972168,0.33579254150390625,,,21.146
1760969739.822,197.574,0.2715754508972168,0.33579254150390625,,,21.146
1760969739.853,197.574,0.2715754508972168,0.33579254150390625,,,21.146
1760969739.886,208.785,0.2715754508972168,0.303178071975708,,,10.997
1760969739.918,208.785,0.2715754508972168,0.303178071975708,,,10.997
1760969739.950,208.785,0.2715754508972168,0.303178071975708,,,10.997
1760969739.983,208.785,0.2715754508972168,0.303178071975708,,,10.997
1760969740.014,208.785,0.2715754508972168,0.303178071975708,,,10.997
1760969740.045,208.785,0.2715754508972168,0.303178071975708,,,10.997
1760969740.094,192.663,0.3196697235107422,0.303178071975708,,,5.296
1760969740.125,192.663,0.3196697235107422,0.303178071975708,,,5.296
1760969740.158,192.663,0.3196697235107422,0.303178071975708,,,5.296
1760969740.190,192.663,0.3196697235107422,0.303178071975708,,,5.296
1760969740.223,192.663,0.3196697235107422,0.303178071975708,,,5.296
1760969740.254,192.663,0.3196697235107422,0.303178071975708,,,5.296
1760969740.286,192.663,0.3196697235107422,0.303178071975708,,,5.296
1760969740.318,192.663,0.3196697235107422,0.303178071975708,,,5.296
1760969740.350,208.594,0.27210164070129395,0.303178071975708,,,10.804
1760969740.381,208.594,0.27210164070129395,0.303178071975708,,,10.804
1760969740.415,208.594,0.27210164070129395,0.303178071975708,,,10.804
1760969740.461,208.594,0.27210164070129395,0.303178071975708,,,10.804
1760969740.493,208.594,0.27210164070129395,0.303178071975708,,,10.804
1760969740.526,131.526,0.27210164070129395,0.6402652263641357,,,80.705
1760969740.557,131.526,0.27210164070129395,0.6402652263641357,,,80.705
1760969740.589,131.526,0.27210164070129395,0.6402652263641357,,,80.705
1760969740.621,131.526,0.27210164070129395,0.6402652263641357,,,80.705
1760969740.654,131.526,0.27210164070129395,0.6402652263641357,,,80.705
1760969740.686,131.526,0.27210164070129395,0.6402652263641357,,,80.705
1760969740.718,131.526,0.27210164070129395,0.6402652263641357,,,80.705
1760969740.749,131.526,0.27210164070129395,0.6402652263641357,,,80.705
1760969740.781,131.526,0.27210164070129395,0.6402652263641357,,,80.705
1760969740.830,131.526,0.27210164070129395,0.6402652263641357,,,80.705
1760969740.862,131.526,0.27210164070129395,0.6402652263641357,,,80.705
1760969740.894,131.526,0.27210164070129395,0.6402652263641357,,,80.705
1760969740.926,178.447,0.27210164070129395,0.40036773681640625,,,38.148
1760969740.958,178.447,0.27210164070129395,0.40036773681640625,,,38.148
1760969740.989,178.447,0.27210164070129395,0.40036773681640625,,,38.148
1760969741.021,178.447,0.27210164070129395,0.40036773681640625,,,38.148
1760969741.054,178.447,0.27210164070129395,0.40036773681640625,,,38.148
1760969741.086,178.447,0.27210164070129395,0.40036773681640625,,,38.148
1760969741.118,178.447,0.27210164070129395,0.40036773681640625,,,38.148
1760969741.150,178.447,0.27210164070129395,0.40036773681640625,,,38.148
1760969741.198,178.447,0.27210164070129395,0.40036773681640625,,,38.148
1760969741.230,178.447,0.27210164070129395,0.40036773681640625,,,38.148
1760969741.262,178.447,0.27210164070129395,0.40036773681640625,,,38.148
1760969741.293,178.447,0.27210164070129395,0.40036773681640625,,,38.148
1760969741.325,178.447,0.27210164070129395,0.40036773681640625,,,38.148
1760969741.357,178.447,0.27210164070129395,0.40036773681640625,,,38.148
1760969741.390,178.447,0.27210164070129395,0.40036773681640625,,,38.148
1760969741.422,178.447,0.27210164070129395,0.40036773681640625,,,38.148
1760969741.453,178.447,0.27210164070129395,0.40036773681640625,,,38.148
1760969741.486,178.447,0.27210164070129395,0.40036773681640625,,,38.148
1760969741.517,178.447,0.27210164070129395,0.40036773681640625,,,38.148
1760969741.565,178.447,0.27210164070129395,0.40036773681640625,,,38.148
1760969741.598,178.447,0.27210164070129395,0.40036773681640625,,,38.148
1760969741.629,178.447,0.27210164070129395,0.40036773681640625,,,38.148
1760969741.661,178.447,0.27210164070129395,0.40036773681640625,,,38.148
1760969741.694,178.447,0.27210164070129395,0.40036773681640625,,,38.148
1760969741.727,178.447,0.27210164070129395,0.40036773681640625,,,38.148
1760969741.757,178.447,0.27210164070129395,0.40036773681640625,,,38.148
1760969741.789,178.447,0.27210164070129395,0.40036773681640625,,,38.148
1760969741.821,178.447,0.27210164070129395,0.40036773681640625,,,38.148
1760969741.853,178.447,0.27210164070129395,0.40036773681640625,,,38.148
1760969741.901,178.447,0.27210164070129395,0.40036773681640625,,,38.148
1760969741.934,178.447,0.27210164070129395,0.40036773681640625,,,38.148
1760969741.965,178.447,0.27210164070129395,0.40036773681640625,,,38.148
1760969741.997,178.447,0.27210164070129395,0.40036773681640625,,,38.148
1760969742.029,178.447,0.27210164070129395,0.40036773681640625,,,38.148
1760969742.062,178.447,0.27210164070129395,0.40036773681640625,,,38.148
1760969742.094,178.447,0.27210164070129395,0.40036773681640625,,,38.148
1760969742.125,178.447,0.27210164070129395,0.40036773681640625,,,38.148
1760969742.159,178.447,0.27210164070129395,0.40036773681640625,,,38.148
1760969742.189,178.447,0.27210164070129395,0.40036773681640625,,,38.148
1760969742.221,178.447,0.27210164070129395,0.40036773681640625,,,38.148
1760969742.269,178.447,0.27210164070129395,0.40036773681640625,,,38.148
1760969742.301,178.447,0.27210164070129395,0.40036773681640625,,,38.148
1760969742.334,178.447,0.27210164070129395,0.40036773681640625,,,38.148
1760969742.365,178.447,0.27210164070129395,0.40036773681640625,,,38.148
1760969742.399,178.447,0.27210164070129395,0.40036773681640625,,,38.148
1760969742.429,178.447,0.27210164070129395,0.40036773681640625,,,38.148
1760969742.462,178.447,0.27210164070129395,0.40036773681640625,,,38.148
1760969742.494,178.447,0.27210164070129395,0.40036773681640625,,,38.148
1760969742.526,178.447,0.27210164070129395,0.40036773681640625,,,38.148
1760969742.557,178.447,0.27210164070129395,0.40036773681640625,,,38.148
1760969742.591,178.447,0.27210164070129395,0.40036773681640625,,,38.148
1760969742.638,178.447,0.27210164070129395,0.40036773681640625,,,38.148
1760969742.669,178.447,0.27210164070129395,0.40036773681640625,,,38.148
1760969742.701,178.447,0.27210164070129395,0.40036773681640625,,,38.148
1760969742.734,178.447,0.27210164070129395,0.40036773681640625,,,38.148
1760969742.765,178.447,0.27210164070129395,0.40036773681640625,,,38.148
1760969742.798,178.447,0.27210164070129395,0.40036773681640625,,,38.148
1760969742.831,178.447,0.27210164070129395,0.40036773681640625,,,38.148
1760969742.861,178.447,0.27210164070129395,0.40036773681640625,,,38.148
1760969742.893,178.447,0.27210164070129395,0.40036773681640625,,,38.148
1760969742.925,178.447,0.27210164070129395,0.40036773681640625,,,38.148
1760969742.957,178.447,0.27210164070129395,0.40036773681640625,,,38.148
1760969743.005,178.447,0.27210164070129395,0.40036773681640625,,,38.148
1760969743.038,178.447,0.27210164070129395,0.40036773681640625,,,38.148
1760969743.069,178.447,0.27210164070129395,0.40036773681640625,,,38.148
1760969743.101,178.447,0.27210164070129395,0.40036773681640625,,,38.148
1760969743.133,178.447,0.27210164070129395,0.40036773681640625,,,38.148
1760969743.165,178.447,0.27210164070129395,0.40036773681640625,,,38.148
1760969743.197,178.447,0.27210164070129395,0.40036773681640625,,,38.148
1760969743.230,178.447,0.27210164070129395,0.40036773681640625,,,38.148
1760969743.262,178.447,0.27210164070129395,0.40036773681640625,,,38.148
1760969743.294,178.447,0.27210164070129395,0.40036773681640625,,,38.148
1760969743.326,178.447,0.27210164070129395,0.40036773681640625,,,38.148
1760969743.373,178.447,0.27210164070129395,0.40036773681640625,,,38.148
1760969743.406,178.447,0.27210164070129395,0.40036773681640625,,,38.148
1760969743.437,178.447,0.27210164070129395,0.40036773681640625,,,38.148
1760969743.471,178.447,0.27210164070129395,0.40036773681640625,,,38.148
1760969743.502,178.447,0.27210164070129395,0.40036773681640625,,,38.148
1760969743.534,178.447,0.27210164070129395,0.40036773681640625,,,38.148
1760969743.565,178.447,0.27210164070129395,0.40036773681640625,,,38.148
1760969743.598,178.447,0.27210164070129395,0.40036773681640625,,,38.148
1760969743.630,178.447,0.27210164070129395,0.40036773681640625,,,38.148
1760969743.662,178.447,0.27210164070129395,0.40036773681640625,,,38.148
1760969743.710,178.447,0.27210164070129395,0.40036773681640625,,,38.148
1760969743.741,178.447,0.27210164070129395,0.40036773681640625,,,38.148
1760969743.774,178.447,0.27210164070129395,0.40036773681640625,,,38.148
1760969743.805,178.447,0.27210164070129395,0.40036773681640625,,,38.148
1760969743.838,178.447,0.27210164070129395,0.40036773681640625,,,38.148
1760969743.869,178.447,0.27210164070129395,0.40036773681640625,,,38.148
1760969743.902,178.447,0.27210164070129395,0.40036773681640625,,,38.148
1760969743.933,178.447,0.27210164070129395,0.40036773681640625,,,38.148
1760969743.966,178.447,0.27210164070129395,0.40036773681640625,,,38.148
1760969743.998,178.447,0.27210164070129395,0.40036773681640625,,,38.148
1760969744.030,178.447,0.27210164070129395,0.40036773681640625,,,38.148
1760969744.078,178.447,0.27210164070129395,0.40036773681640625,,,38.148
1760969744.110,178.447,0.27210164070129395,0.40036773681640625,,,38.148
1760969744.142,178.447,0.27210164070129395,0.40036773681640625,,,38.148
1760969744.174,178.447,0.27210164070129395,0.40036773681640625,,,38.148
1760969744.205,178.447,0.27210164070129395,0.40036773681640625,,,38.148
1760969744.238,178.447,0.27210164070129395,0.40036773681640625,,,38.148
1760969744.270,178.447,0.27210164070129395,0.40036773681640625,,,38.148
1760969744.303,178.447,0.27210164070129395,0.40036773681640625,,,38.148
1760969744.334,178.447,0.27210164070129395,0.40036773681640625,,,38.148
1760969744.365,178.447,0.27210164070129395,0.40036773681640625,,,38.148
1760969744.398,178.447,0.27210164070129395,0.40036773681640625,,,38.148
1760969744.446,178.447,0.27210164070129395,0.40036773681640625,,,38.148
1760969744.477,178.447,0.27210164070129395,0.40036773681640625,,,38.148
1760969744.510,178.447,0.27210164070129395,0.40036773681640625,,,38.148
1760969744.543,178.447,0.27210164070129395,0.40036773681640625,,,38.148
1760969744.573,178.447,0.27210164070129395,0.40036773681640625,,,38.148
1760969744.605,178.447,0.27210164070129395,0.40036773681640625,,,38.148
1760969744.638,178.447,0.27210164070129395,0.40036773681640625,,,38.148
1760969744.670,178.447,0.27210164070129395,0.40036773681640625,,,38.148
1760969744.702,178.447,0.27210164070129395,0.40036773681640625,,,38.148
1760969744.735,178.447,0.27210164070129395,0.40036773681640625,,,38.148
1760969744.766,178.447,0.27210164070129395,0.40036773681640625,,,38.148
1760969744.814,178.447,0.27210164070129395,0.40036773681640625,,,38.148
1760969744.845,178.447,0.27210164070129395,0.40036773681640625,,,38.148
1760969744.877,178.447,0.27210164070129395,0.40036773681640625,,,38.148
1760969744.909,178.447,0.27210164070129395,0.40036773681640625,,,38.148
1760969744.941,178.447,0.27210164070129395,0.40036773681640625,,,38.148
1760969744.974,178.447,0.27210164070129395,0.40036773681640625,,,38.148
1760969745.006,178.447,0.27210164070129395,0.40036773681640625,,,38.148
1760969745.037,178.447,0.27210164070129395,0.40036773681640625,,,38.148
1760969745.070,178.447,0.27210164070129395,0.40036773681640625,,,38.148
1760969745.102,178.447,0.27210164070129395,0.40036773681640625,,,38.148
1760969745.134,178.447,0.27210164070129395,0.40036773681640625,,,38.148
1760969745.182,178.447,0.27210164070129395,0.40036773681640625,,,38.148
1760969745.214,178.447,0.27210164070129395,0.40036773681640625,,,38.148
1760969745.246,178.447,0.27210164070129395,0.40036773681640625,,,38.148
1760969745.278,178.447,0.27210164070129395,0.40036773681640625,,,38.148
1760969745.309,178.447,0.27210164070129395,0.40036773681640625,,,38.148
1760969745.342,178.447,0.27210164070129395,0.40036773681640625,,,38.148
1760969745.374,178.447,0.27210164070129395,0.40036773681640625,,,38.148
1760969745.407,178.447,0.27210164070129395,0.40036773681640625,,,38.148
1760969745.438,178.447,0.27210164070129395,0.40036773681640625,,,38.148
1760969745.469,178.447,0.27210164070129395,0.40036773681640625,,,38.148
1760969745.518,178.447,0.27210164070129395,0.40036773681640625,,,38.148
1760969745.549,178.447,0.27210164070129395,0.40036773681640625,,,38.148
1760969745.581,178.447,0.27210164070129395,0.40036773681640625,,,38.148
1760969745.614,178.447,0.27210164070129395,0.40036773681640625,,,38.148
1760969745.647,178.447,0.27210164070129395,0.40036773681640625,,,38.148
1760969745.677,178.447,0.27210164070129395,0.40036773681640625,,,38.148
1760969745.710,178.447,0.27210164070129395,0.40036773681640625,,,38.148
1760969745.741,178.447,0.27210164070129395,0.40036773681640625,,,38.148
1760969745.774,178.447,0.27210164070129395,0.40036773681640625,,,38.148
1760969745.805,178.447,0.27210164070129395,0.40036773681640625,,,38.148
1760969745.839,178.447,0.27210164070129395,0.40036773681640625,,,38.148
1760969745.885,178.447,0.27210164070129395,0.40036773681640625,,,38.148
1760969745.918,178.447,0.27210164070129395,0.40036773681640625,,,38.148
1760969745.949,178.447,0.27210164070129395,0.40036773681640625,,,38.148
