t,joint_name,side,angle_deg
t,elbow_left_raw,elbow_left_smoothed
20.125,4.615539868750198,5.037927501718638
t,elbow_left_raw,elbow_left_smoothed
20.125,4.615539868750198,5.037927501718638
t,elbow_left_raw,elbow_left_smoothed
20.14100000000326,4.615539868750198,4.9534499751249506
t,elbow_left_raw,elbow_left_smoothed
20.14100000000326,4.615539868750198,4.9534499751249506
t,elbow_left_raw,elbow_left_smoothed
20.18799999996554,5.254975156155657,5.013755011331092
t,elbow_left_raw,elbow_left_smoothed
20.18799999996554,5.254975156155657,5.013755011331092
t,elbow_left_raw,elbow_left_smoothed
20.18799999996554,5.254975156155657,5.061999040296006
t,elbow_left_raw,elbow_left_smoothed
20.18799999996554,5.254975156155657,5.061999040296006
t,elbow_left_raw,elbow_left_smoothed
20.23499999998603,4.481919263530966,4.945983084942998
t,elbow_left_raw,elbow_left_smoothed
20.23499999998603,4.481919263530966,4.945983084942998
t,elbow_left_raw,elbow_left_smoothed
20.25,4.481919263530966,4.853170320660592
t,elbow_left_raw,elbow_left_smoothed
20.25,4.481919263530966,4.853170320660592
t,elbow_left_raw,elbow_left_smoothed
20.29699999996228,4.782047493864443,4.838945755301362
t,elbow_left_raw,elbow_left_smoothed
20.29699999996228,4.782047493864443,4.838945755301362
t,elbow_left_raw,elbow_left_smoothed
20.29699999996228,4.782047493864443,4.827566103013979
t,elbow_left_raw,elbow_left_smoothed
20.29699999996228,4.782047493864443,4.827566103013979
t,elbow_left_raw,elbow_left_smoothed
20.34399999998277,4.966843808456301,4.855421644102443
t,elbow_left_raw,elbow_left_smoothed
20.34399999998277,4.966843808456301,4.855421644102443
t,elbow_left_raw,elbow_left_smoothed
20.405999999959022,4.966843808456301,4.877706076973215
t,elbow_left_raw,elbow_left_smoothed
20.405999999959022,4.966843808456301,4.877706076973215
t,elbow_left_raw,elbow_left_smoothed
20.45299999997951,3.3537460175070257,4.572914065079978
t,elbow_left_raw,elbow_left_smoothed
20.45299999997951,3.3537460175070257,4.572914065079978
t,elbow_left_raw,elbow_left_smoothed
20.5,3.3537460175070257,4.3290804555653875
t,elbow_left_raw,elbow_left_smoothed
20.5,3.3537460175070257,4.3290804555653875
t,elbow_left_raw,elbow_left_smoothed
20.51600000000326,5.335056941461602,4.530275752744631
t,elbow_left_raw,elbow_left_smoothed
20.51600000000326,5.335056941461602,4.530275752744631
t,elbow_left_raw,elbow_left_smoothed
20.56299999996554,5.335056941461602,4.691231990488025
t,elbow_left_raw,elbow_left_smoothed
20.56299999996554,5.335056941461602,4.691231990488025
t,elbow_left_raw,elbow_left_smoothed
20.60999999998603,3.76826736674679,4.506639065739778
t,elbow_left_raw,elbow_left_smoothed
20.60999999998603,3.76826736674679,4.506639065739778
t,elbow_left_raw,elbow_left_smoothed
20.60999999998603,3.76826736674679,4.35896472594118
t,elbow_left_raw,elbow_left_smoothed
20.60999999998603,3.76826736674679,4.35896472594118
t,elbow_left_raw,elbow_left_smoothed
20.655999999959022,3.7255718120094037,4.232286143154825
t,elbow_left_raw,elbow_left_smoothed
20.655999999959022,3.7255718120094037,4.232286143154825
t,elbow_left_raw,elbow_left_smoothed
20.67199999996228,3.7255718120094037,4.130943276925741
t,elbow_left_raw,elbow_left_smoothed
20.67199999996228,3.7255718120094037,4.130943276925741
t,elbow_left_raw,elbow_left_smoothed
20.71899999998277,4.6752910637287375,4.239812834286341
t,elbow_left_raw,elbow_left_smoothed
20.71899999998277,4.6752910637287375,4.239812834286341
t,elbow_left_raw,elbow_left_smoothed
20.76600000000326,4.6752910637287375,4.32690848017482
t,elbow_left_raw,elbow_left_smoothed
20.76600000000326,4.6752910637287375,4.32690848017482
t,elbow_left_raw,elbow_left_smoothed
20.76600000000326,4.697945303081162,4.401115844756089
t,elbow_left_raw,elbow_left_smoothed
20.76600000000326,4.697945303081162,4.401115844756089
t,elbow_left_raw,elbow_left_smoothed
20.81299999996554,4.697945303081162,4.460481736421104
t,elbow_left_raw,elbow_left_smoothed
20.81299999996554,4.697945303081162,4.460481736421104
t,elbow_left_raw,elbow_left_smoothed
20.875,5.497506167332047,4.667886622603294
t,elbow_left_raw,elbow_left_smoothed
20.875,5.497506167332047,4.667886622603294
t,elbow_left_raw,elbow_left_smoothed
20.875,5.497506167332047,4.8338105315490445
t,elbow_left_raw,elbow_left_smoothed
20.875,5.497506167332047,4.8338105315490445
t,elbow_left_raw,elbow_left_smoothed
20.92199999996228,4.18319852008646,4.703688129256528
t,elbow_left_raw,elbow_left_smoothed
20.92199999996228,4.18319852008646,4.703688129256528
t,elbow_left_raw,elbow_left_smoothed
20.92199999996228,4.18319852008646,4.599590207422515
t,elbow_left_raw,elbow_left_smoothed
20.92199999996228,4.18319852008646,4.599590207422515
t,elbow_left_raw,elbow_left_smoothed
20.98499999998603,4.583856191297499,4.596443404197512
t,elbow_left_raw,elbow_left_smoothed
20.98499999998603,4.583856191297499,4.596443404197512
t,elbow_left_raw,elbow_left_smoothed
21.030999999959022,4.583856191297499,4.59392596161751
t,elbow_left_raw,elbow_left_smoothed
21.030999999959022,4.583856191297499,4.59392596161751
t,elbow_left_raw,elbow_left_smoothed
21.07799999997951,4.976301560596004,4.670401081413209
t,elbow_left_raw,elbow_left_smoothed
21.07799999997951,4.976301560596004,4.670401081413209
t,elbow_left_raw,elbow_left_smoothed
21.07799999997951,4.976301560596004,4.731581177249768
t,elbow_left_raw,elbow_left_smoothed
21.07799999997951,4.976301560596004,4.731581177249768
t,elbow_left_raw,elbow_left_smoothed
21.125,4.274709621597323,4.6402068661192795
t,elbow_left_raw,elbow_left_smoothed
21.125,4.274709621597323,4.6402068661192795
t,elbow_left_raw,elbow_left_smoothed
21.14100000000326,4.274709621597323,4.567107417214888
t,elbow_left_raw,elbow_left_smoothed
21.14100000000326,4.274709621597323,4.567107417214888
t,elbow_left_raw,elbow_left_smoothed
21.18799999996554,3.4158684387488605,4.336859621521683
t,elbow_left_raw,elbow_left_smoothed
21.18799999996554,3.4158684387488605,4.336859621521683
t,elbow_left_raw,elbow_left_smoothed
21.23499999998603,3.4158684387488605,4.152661384967118
t,elbow_left_raw,elbow_left_smoothed
21.23499999998603,3.4158684387488605,4.152661384967118
t,elbow_left_raw,elbow_left_smoothed
21.23499999998603,3.7998845016130995,4.082106008296314
t,elbow_left_raw,elbow_left_smoothed
21.23499999998603,3.7998845016130995,4.082106008296314
t,elbow_left_raw,elbow_left_smoothed
21.29699999996228,3.7998845016130995,4.025661706959672
t,elbow_left_raw,elbow_left_smoothed
21.29699999996228,3.7998845016130995,4.025661706959672
t,elbow_left_raw,elbow_left_smoothed
21.29699999996228,3.765876297041804,3.973704624976098
t,elbow_left_raw,elbow_left_smoothed
21.29699999996228,3.765876297041804,3.973704624976098
t,elbow_left_raw,elbow_left_smoothed
21.34399999998277,3.765876297041804,3.9321389593892393
t,elbow_left_raw,elbow_left_smoothed
21.34399999998277,3.765876297041804,3.9321389593892393
t,elbow_left_raw,elbow_left_smoothed
21.405999999959022,4.081879075304563,3.9620869825723046
t,elbow_left_raw,elbow_left_smoothed
21.405999999959022,4.081879075304563,3.9620869825723046
t,elbow_left_raw,elbow_left_smoothed
21.45299999997951,4.081879075304563,3.9860454011187567
t,elbow_left_raw,elbow_left_smoothed
21.45299999997951,4.081879075304563,3.9860454011187567
t,elbow_left_raw,elbow_left_smoothed
21.45299999997951,4.100499710923777,4.008936263079761
t,elbow_left_raw,elbow_left_smoothed
21.45299999997951,4.100499710923777,4.008936263079761
t,elbow_left_raw,elbow_left_smoothed
21.5,4.100499710923777,4.027248952648565
t,elbow_left_raw,elbow_left_smoothed
21.5,4.100499710923777,4.027248952648565
t,elbow_left_raw,elbow_left_smoothed
21.54699999996228,3.8302187610199687,3.9878429143228455
t,elbow_left_raw,elbow_left_smoothed
21.54699999996228,3.8302187610199687,3.9878429143228455
t,elbow_left_raw,elbow_left_smoothed
21.56299999996554,3.8302187610199687,3.9563180836622704
t,elbow_left_raw,elbow_left_smoothed
21.56299999996554,3.8302187610199687,3.9563180836622704
t,elbow_left_raw,elbow_left_smoothed
21.60999999998603,4.204818980297487,4.006018262989314
t,elbow_left_raw,elbow_left_smoothed
21.60999999998603,4.204818980297487,4.006018262989314
t,elbow_left_raw,elbow_left_smoothed
21.60999999998603,4.204818980297487,4.045778406450949
t,elbow_left_raw,elbow_left_smoothed
21.60999999998603,4.204818980297487,4.045778406450949
t,elbow_left_raw,elbow_left_smoothed
21.67199999996228,2.548448955089948,3.7463125161787487
t,elbow_left_raw,elbow_left_smoothed
21.67199999996228,2.548448955089948,3.7463125161787487
t,elbow_left_raw,elbow_left_smoothed
21.67199999996228,2.548448955089948,3.506739803960989
t,elbow_left_raw,elbow_left_smoothed
21.67199999996228,2.548448955089948,3.506739803960989
t,elbow_left_raw,elbow_left_smoothed
21.73499999998603,3.289024041126462,3.463196651394084
t,elbow_left_raw,elbow_left_smoothed
21.73499999998603,3.289024041126462,3.463196651394084
t,elbow_left_raw,elbow_left_smoothed
21.780999999959022,3.289024041126462,3.42836212934056
t,elbow_left_raw,elbow_left_smoothed
21.780999999959022,3.289024041126462,3.42836212934056
t,elbow_left_raw,elbow_left_smoothed
21.82799999997951,4.252522789993729,3.593194261471194
t,elbow_left_raw,elbow_left_smoothed
21.82799999997951,4.252522789993729,3.593194261471194
t,elbow_left_raw,elbow_left_smoothed
21.82799999997951,4.252522789993729,3.725059967175701
t,elbow_left_raw,elbow_left_smoothed
21.82799999997951,4.252522789993729,3.725059967175701
t,elbow_left_raw,elbow_left_smoothed
21.875,3.081530524440339,3.5963540786286288
t,elbow_left_raw,elbow_left_smoothed
21.875,3.081530524440339,3.5963540786286288
t,elbow_left_raw,elbow_left_smoothed
21.89100000000326,3.081530524440339,3.493389367790971
t,elbow_left_raw,elbow_left_smoothed
21.89100000000326,3.081530524440339,3.493389367790971
t,elbow_left_raw,elbow_left_smoothed
21.93799999996554,3.4720361533700252,3.489118724906782
t,elbow_left_raw,elbow_left_smoothed
21.93799999996554,3.4720361533700252,3.489118724906782
t,elbow_left_raw,elbow_left_smoothed
21.93799999996554,3.4720361533700252,3.485702210599431
t,elbow_left_raw,elbow_left_smoothed
21.93799999996554,3.4720361533700252,3.485702210599431
t,elbow_left_raw,elbow_left_smoothed
21.98499999998603,3.4853189660658517,3.485625561692715
t,elbow_left_raw,elbow_left_smoothed
21.98499999998603,3.4853189660658517,3.485625561692715
t,elbow_left_raw,elbow_left_smoothed
22.0,3.4853189660658517,3.4855642425673428
t,elbow_left_raw,elbow_left_smoothed
22.0,3.4853189660658517,3.4855642425673428
t,elbow_left_raw,elbow_left_smoothed
22.04699999996228,2.946698390252898,3.3777910721044537
t,elbow_left_raw,elbow_left_smoothed
22.04699999996228,2.946698390252898,3.3777910721044537
t,elbow_left_raw,elbow_left_smoothed
22.09399999998277,2.946698390252898,3.2915725357341428
t,elbow_left_raw,elbow_left_smoothed
22.09399999998277,2.946698390252898,3.2915725357341428
t,elbow_left_raw,elbow_left_smoothed
22.14100000000326,2.819597775355932,3.197177583658501
t,elbow_left_raw,elbow_left_smoothed
22.14100000000326,2.819597775355932,3.197177583658501
t,elbow_left_raw,elbow_left_smoothed
22.14100000000326,2.819597775355932,3.121661621997988
t,elbow_left_raw,elbow_left_smoothed
22.14100000000326,2.819597775355932,3.121661621997988
t,elbow_left_raw,elbow_left_smoothed
22.20299999997951,2.278299456302035,2.9529891888587976
t,elbow_left_raw,elbow_left_smoothed
22.20299999997951,2.278299456302035,2.9529891888587976
t,elbow_left_raw,elbow_left_smoothed
22.25,2.278299456302035,2.8180512423474453
t,elbow_left_raw,elbow_left_smoothed
22.25,2.278299456302035,2.8180512423474453
t,elbow_left_raw,elbow_left_smoothed
22.25,3.2856293860422694,2.91156687108641
t,elbow_left_raw,elbow_left_smoothed
22.25,3.2856293860422694,2.91156687108641
t,elbow_left_raw,elbow_left_smoothed
22.31299999996554,3.2856293860422694,2.986379374077582
t,elbow_left_raw,elbow_left_smoothed
22.31299999996554,3.2856293860422694,2.986379374077582
t,elbow_left_raw,elbow_left_smoothed
22.31299999996554,2.3956354725427147,2.8682305937706087
t,elbow_left_raw,elbow_left_smoothed
22.31299999996554,2.3956354725427147,2.8682305937706087
t,elbow_left_raw,elbow_left_smoothed
22.35999999998603,2.3956354725427147,2.77371156952503
t,elbow_left_raw,elbow_left_smoothed
22.35999999998603,2.3956354725427147,2.77371156952503
t,elbow_left_raw,elbow_left_smoothed
22.405999999959022,3.1574032874835516,2.850449913116734
t,elbow_left_raw,elbow_left_smoothed
22.405999999959022,3.1574032874835516,2.850449913116734
t,elbow_left_raw,elbow_left_smoothed
22.405999999959022,3.1574032874835516,2.9118405879900977
t,elbow_left_raw,elbow_left_smoothed
22.405999999959022,3.1574032874835516,2.9118405879900977
t,elbow_left_raw,elbow_left_smoothed
22.46899999998277,4.544545059822612,3.2383814823566004
t,elbow_left_raw,elbow_left_smoothed
22.46899999998277,4.544545059822612,3.2383814823566004
t,elbow_left_raw,elbow_left_smoothed
22.46899999998277,4.544545059822612,3.4996141978498025
t,elbow_left_raw,elbow_left_smoothed
22.46899999998277,4.544545059822612,3.4996141978498025
t,elbow_left_raw,elbow_left_smoothed
22.51600000000326,3.6658611548498534,3.5328635892498133
t,elbow_left_raw,elbow_left_smoothed
22.51600000000326,3.6658611548498534,3.5328635892498133
t,elbow_left_raw,elbow_left_smoothed
22.56299999996554,3.6658611548498534,3.5594631023698216
t,elbow_left_raw,elbow_left_smoothed
22.56299999996554,3.6658611548498534,3.5594631023698216
t,elbow_left_raw,elbow_left_smoothed
22.57799999997951,3.720891217388735,3.5917487253736047
t,elbow_left_raw,elbow_left_smoothed
22.57799999997951,3.720891217388735,3.5917487253736047
t,elbow_left_raw,elbow_left_smoothed
22.625,3.720891217388735,3.617577223776631
t,elbow_left_raw,elbow_left_smoothed
22.625,3.720891217388735,3.617577223776631
t,elbow_left_raw,elbow_left_smoothed
22.67199999996228,3.6045655752204757,3.6149748940654
t,elbow_left_raw,elbow_left_smoothed
22.67199999996228,3.6045655752204757,3.6149748940654
t,elbow_left_raw,elbow_left_smoothed
22.67199999996228,3.6045655752204757,3.6128930302964153
t,elbow_left_raw,elbow_left_smoothed
22.67199999996228,3.6045655752204757,3.6128930302964153
t,elbow_left_raw,elbow_left_smoothed
22.71899999998277,4.161371812225679,3.7225887866822682
t,elbow_left_raw,elbow_left_smoothed
22.71899999998277,4.161371812225679,3.7225887866822682
t,elbow_left_raw,elbow_left_smoothed
22.780999999959022,4.161371812225679,3.81034539179095
t,elbow_left_raw,elbow_left_smoothed
22.780999999959022,4.161371812225679,3.81034539179095
t,elbow_left_raw,elbow_left_smoothed
22.780999999959022,4.368836114562147,3.9220435363451895
t,elbow_left_raw,elbow_left_smoothed
22.780999999959022,4.368836114562147,3.9220435363451895
t,elbow_left_raw,elbow_left_smoothed
22.82799999997951,4.368836114562147,4.011402051988582
t,elbow_left_raw,elbow_left_smoothed
22.82799999997951,4.368836114562147,4.011402051988582
t,elbow_left_raw,elbow_left_smoothed
22.875,4.038178416865055,4.016757324963876
t,elbow_left_raw,elbow_left_smoothed
22.875,4.038178416865055,4.016757324963876
t,elbow_left_raw,elbow_left_smoothed
22.89100000000326,4.038178416865055,4.021041543344112
t,elbow_left_raw,elbow_left_smoothed
22.89100000000326,4.038178416865055,4.021041543344112
t,elbow_left_raw,elbow_left_smoothed
22.93799999996554,5.39314145057817,4.295461524790924
t,elbow_left_raw,elbow_left_smoothed
22.93799999996554,5.39314145057817,4.295461524790924
t,elbow_left_raw,elbow_left_smoothed
22.93799999996554,5.39314145057817,4.5149975099483735
t,elbow_left_raw,elbow_left_smoothed
22.93799999996554,5.39314145057817,4.5149975099483735
t,elbow_left_raw,elbow_left_smoothed
22.98499999998603,3.8780790557766194,4.387613819114023
t,elbow_left_raw,elbow_left_smoothed
22.98499999998603,3.8780790557766194,4.387613819114023
t,elbow_left_raw,elbow_left_smoothed
23.04699999996228,3.8780790557766194,4.285706866446542
t,elbow_left_raw,elbow_left_smoothed
23.04699999996228,3.8780790557766194,4.285706866446542
t,elbow_left_raw,elbow_left_smoothed
23.06299999996554,4.703820905264135,4.369329674210061
t,elbow_left_raw,elbow_left_smoothed
23.06299999996554,4.703820905264135,4.369329674210061
t,elbow_left_raw,elbow_left_smoothed
23.10999999998603,4.703820905264135,4.436227920420876
t,elbow_left_raw,elbow_left_smoothed
23.10999999998603,4.703820905264135,4.436227920420876
t,elbow_left_raw,elbow_left_smoothed
23.155999999959022,3.783927791754876,4.305767894687676
t,elbow_left_raw,elbow_left_smoothed
23.155999999959022,3.783927791754876,4.305767894687676
t,elbow_left_raw,elbow_left_smoothed
23.155999999959022,3.783927791754876,4.201399874101116
t,elbow_left_raw,elbow_left_smoothed
23.155999999959022,3.783927791754876,4.201399874101116
t,elbow_left_raw,elbow_left_smoothed
23.20299999997951,4.986055771694106,4.358331053619715
t,elbow_left_raw,elbow_left_smoothed
23.20299999997951,4.986055771694106,4.358331053619715
t,elbow_left_raw,elbow_left_smoothed
23.21899999998277,4.986055771694106,4.483875997234593
t,elbow_left_raw,elbow_left_smoothed
23.21899999998277,4.986055771694106,4.483875997234593
t,elbow_left_raw,elbow_left_smoothed
23.26600000000326,4.85462110056766,4.5580250179012065
t,elbow_left_raw,elbow_left_smoothed
23.26600000000326,4.85462110056766,4.5580250179012065
t,elbow_left_raw,elbow_left_smoothed
23.31299999996554,4.85462110056766,4.617344234434498
t,elbow_left_raw,elbow_left_smoothed
23.31299999996554,4.85462110056766,4.617344234434498
t,elbow_left_raw,elbow_left_smoothed
23.31299999996554,3.3176500132667015,4.357405390200938
t,elbow_left_raw,elbow_left_smoothed
23.31299999996554,3.3176500132667015,4.357405390200938
t,elbow_left_raw,elbow_left_smoothed
23.35999999998603,3.3176500132667015,4.149454314814092
t,elbow_left_raw,elbow_left_smoothed
23.35999999998603,3.3176500132667015,4.149454314814092
t,elbow_left_raw,elbow_left_smoothed
23.35999999998603,5.786586792690357,4.4768808103893445
t,elbow_left_raw,elbow_left_smoothed
23.35999999998603,5.786586792690357,4.4768808103893445
t,elbow_left_raw,elbow_left_smoothed
23.42199999996228,5.786586792690357,4.7388220068495475
t,elbow_left_raw,elbow_left_smoothed
23.42199999996228,5.786586792690357,4.7388220068495475
t,elbow_left_raw,elbow_left_smoothed
23.46899999998277,6.365872500489862,5.064232105577611
t,elbow_left_raw,elbow_left_smoothed
23.46899999998277,6.365872500489862,5.064232105577611
t,elbow_left_raw,elbow_left_smoothed
23.48499999998603,6.365872500489862,5.324560184560062
t,elbow_left_raw,elbow_left_smoothed
23.48499999998603,6.365872500489862,5.324560184560062
t,shoulder_L_abd_raw,shoulder_L_abd_smoothed,shoulder_R_abd_raw,shoulder_R_abd_smoothed
23.530999999959022,31.467416929508097,31.467416929508097,35.27481965847473,35.27481965847473
t,shoulder_L_abd_raw,shoulder_L_abd_smoothed,shoulder_R_abd_raw,shoulder_R_abd_smoothed
23.530999999959022,31.467416929508097,31.467416929508097,35.27481965847473,35.27481965847473
t,shoulder_L_abd_raw,shoulder_L_abd_smoothed,shoulder_R_abd_raw,shoulder_R_abd_smoothed
23.530999999959022,31.467416929508097,31.467416929508097,35.27481965847473,35.27481965847473
t,shoulder_L_abd_raw,shoulder_L_abd_smoothed,shoulder_R_abd_raw,shoulder_R_abd_smoothed
23.530999999959022,31.467416929508097,31.467416929508097,35.27481965847473,35.27481965847473
t,shoulder_L_abd_raw,shoulder_L_abd_smoothed,shoulder_R_abd_raw,shoulder_R_abd_smoothed
23.59399999998277,31.467416929508097,31.467416929508097,35.27481965847473,35.27481965847473
t,shoulder_L_abd_raw,shoulder_L_abd_smoothed,shoulder_R_abd_raw,shoulder_R_abd_smoothed
23.59399999998277,31.467416929508097,31.467416929508097,35.27481965847473,35.27481965847473
t,shoulder_L_abd_raw,shoulder_L_abd_smoothed,shoulder_R_abd_raw,shoulder_R_abd_smoothed
23.59399999998277,31.467416929508097,31.467416929508097,35.27481965847473,35.27481965847473
t,shoulder_L_abd_raw,shoulder_L_abd_smoothed,shoulder_R_abd_raw,shoulder_R_abd_smoothed
23.59399999998277,31.467416929508097,31.467416929508097,35.27481965847473,35.27481965847473
t,elbow_left_raw,elbow_left_smoothed
23.59399999998277,5.388197632465815,5.337287674141213
t,elbow_left_raw,elbow_left_smoothed
23.59399999998277,5.388197632465815,5.337287674141213
t,elbow_left_raw,elbow_left_smoothed
23.64100000000326,5.388197632465815,5.347469665806134
t,elbow_left_raw,elbow_left_smoothed
23.64100000000326,5.388197632465815,5.347469665806134
t,elbow_left_raw,elbow_left_smoothed
23.68799999996554,6.5067732113463865,5.579330374914185
t,elbow_left_raw,elbow_left_smoothed
23.68799999996554,6.5067732113463865,5.579330374914185
t,elbow_left_raw,elbow_left_smoothed
23.70299999997951,6.5067732113463865,5.764818942200626
t,elbow_left_raw,elbow_left_smoothed
23.70299999997951,6.5067732113463865,5.764818942200626
t,elbow_left_raw,elbow_left_smoothed
23.75,6.1979904234369,5.85145323844788
t,elbow_left_raw,elbow_left_smoothed
23.75,6.1979904234369,5.85145323844788
t,elbow_left_raw,elbow_left_smoothed
23.75,6.1979904234369,5.920760675445684
t,elbow_left_raw,elbow_left_smoothed
23.75,6.1979904234369,5.920760675445684
t,elbow_left_raw,elbow_left_smoothed
23.79699999996228,5.573235695953094,5.851255679547166
t,elbow_left_raw,elbow_left_smoothed
23.79699999996228,5.573235695953094,5.851255679547166
t,elbow_left_raw,elbow_left_smoothed
23.85999999998603,5.573235695953094,5.7956516828283515
t,elbow_left_raw,elbow_left_smoothed
23.85999999998603,5.573235695953094,5.7956516828283515
t,shoulder_L_abd_raw,shoulder_L_abd_smoothed,shoulder_R_abd_raw,shoulder_R_abd_smoothed
23.85999999998603,30.294988246079402,30.294988246079402,34.83180161987343,34.83180161987343
t,shoulder_L_abd_raw,shoulder_L_abd_smoothed,shoulder_R_abd_raw,shoulder_R_abd_smoothed
23.85999999998603,30.294988246079402,30.294988246079402,34.83180161987343,34.83180161987343
t,shoulder_L_abd_raw,shoulder_L_abd_smoothed,shoulder_R_abd_raw,shoulder_R_abd_smoothed
23.85999999998603,30.294988246079402,30.294988246079402,34.83180161987343,34.83180161987343
t,shoulder_L_abd_raw,shoulder_L_abd_smoothed,shoulder_R_abd_raw,shoulder_R_abd_smoothed
23.85999999998603,30.294988246079402,30.294988246079402,34.83180161987343,34.83180161987343
t,shoulder_L_abd_raw,shoulder_L_abd_smoothed,shoulder_R_abd_raw,shoulder_R_abd_smoothed
23.92199999996228,30.294988246079402,30.294988246079402,34.83180161987343,34.83180161987343
t,shoulder_L_abd_raw,shoulder_L_abd_smoothed,shoulder_R_abd_raw,shoulder_R_abd_smoothed
23.92199999996228,30.294988246079402,30.294988246079402,34.83180161987343,34.83180161987343
t,shoulder_L_abd_raw,shoulder_L_abd_smoothed,shoulder_R_abd_raw,shoulder_R_abd_smoothed
23.92199999996228,30.294988246079402,30.294988246079402,34.83180161987343,34.83180161987343
t,shoulder_L_abd_raw,shoulder_L_abd_smoothed,shoulder_R_abd_raw,shoulder_R_abd_smoothed
23.92199999996228,30.294988246079402,30.294988246079402,34.83180161987343,34.83180161987343
t,elbow_left_raw,elbow_left_smoothed
23.92199999996228,5.668527915422927,5.770226929347267
t,elbow_left_raw,elbow_left_smoothed
23.92199999996228,5.668527915422927,5.770226929347267
t,elbow_left_raw,elbow_left_smoothed
23.96899999998277,5.668527915422927,5.749887126562399
t,elbow_left_raw,elbow_left_smoothed
23.96899999998277,5.668527915422927,5.749887126562399
t,elbow_left_raw,elbow_left_smoothed
24.030999999959022,7.1821479267793675,6.036339286605793
t,elbow_left_raw,elbow_left_smoothed
24.030999999959022,7.1821479267793675,6.036339286605793
t,elbow_left_raw,elbow_left_smoothed
24.030999999959022,7.1821479267793675,6.265501014640509
t,elbow_left_raw,elbow_left_smoothed
24.030999999959022,7.1821479267793675,6.265501014640509
t,elbow_left_raw,elbow_left_smoothed
24.07799999997951,5.832068188226485,6.178814449357704
t,elbow_left_raw,elbow_left_smoothed
24.07799999997951,5.832068188226485,6.178814449357704
t,elbow_left_raw,elbow_left_smoothed
24.125,5.832068188226485,6.109465197131461
t,elbow_left_raw,elbow_left_smoothed
24.125,5.832068188226485,6.109465197131461
t,shoulder_L_abd_raw,shoulder_L_abd_smoothed,shoulder_R_abd_raw,shoulder_R_abd_smoothed
24.125,31.20301891458353,31.20301891458353,34.571883808729886,34.571883808729886
t,shoulder_L_abd_raw,shoulder_L_abd_smoothed,shoulder_R_abd_raw,shoulder_R_abd_smoothed
24.125,31.20301891458353,31.20301891458353,34.571883808729886,34.571883808729886
t,shoulder_L_abd_raw,shoulder_L_abd_smoothed,shoulder_R_abd_raw,shoulder_R_abd_smoothed
24.125,31.20301891458353,31.20301891458353,34.571883808729886,34.571883808729886
t,shoulder_L_abd_raw,shoulder_L_abd_smoothed,shoulder_R_abd_raw,shoulder_R_abd_smoothed
24.125,31.20301891458353,31.20301891458353,34.571883808729886,34.571883808729886
t,shoulder_L_abd_raw,shoulder_L_abd_smoothed,shoulder_R_abd_raw,shoulder_R_abd_smoothed
24.17199999996228,31.20301891458353,31.20301891458353,34.571883808729886,34.571883808729886
t,shoulder_L_abd_raw,shoulder_L_abd_smoothed,shoulder_R_abd_raw,shoulder_R_abd_smoothed
24.17199999996228,31.20301891458353,31.20301891458353,34.571883808729886,34.571883808729886
t,shoulder_L_abd_raw,shoulder_L_abd_smoothed,shoulder_R_abd_raw,shoulder_R_abd_smoothed
24.17199999996228,31.20301891458353,31.20301891458353,34.571883808729886,34.571883808729886
t,shoulder_L_abd_raw,shoulder_L_abd_smoothed,shoulder_R_abd_raw,shoulder_R_abd_smoothed
24.17199999996228,31.20301891458353,31.20301891458353,34.571883808729886,34.571883808729886
t,elbow_left_raw,elbow_left_smoothed
24.18799999996554,6.17247462995808,6.122067083696784
t,elbow_left_raw,elbow_left_smoothed
24.18799999996554,6.17247462995808,6.122067083696784
t,elbow_left_raw,elbow_left_smoothed
24.23499999998603,6.17247462995808,6.132148592949044
t,elbow_left_raw,elbow_left_smoothed
24.23499999998603,6.17247462995808,6.132148592949044
t,elbow_left_raw,elbow_left_smoothed
24.23499999998603,6.071926439190151,6.120104162197265
t,elbow_left_raw,elbow_left_smoothed
24.23499999998603,6.071926439190151,6.120104162197265
t,elbow_left_raw,elbow_left_smoothed
24.29699999996228,6.071926439190151,6.110468617595842
t,elbow_left_raw,elbow_left_smoothed
24.29699999996228,6.071926439190151,6.110468617595842
t,shoulder_L_abd_raw,shoulder_L_abd_smoothed,shoulder_R_abd_raw,shoulder_R_abd_smoothed
24.34399999998277,30.30522278330322,30.30522278330322,36.258617961671625,36.258617961671625
t,shoulder_L_abd_raw,shoulder_L_abd_smoothed,shoulder_R_abd_raw,shoulder_R_abd_smoothed
24.34399999998277,30.30522278330322,30.30522278330322,36.258617961671625,36.258617961671625
t,shoulder_L_abd_raw,shoulder_L_abd_smoothed,shoulder_R_abd_raw,shoulder_R_abd_smoothed
24.34399999998277,30.30522278330322,30.30522278330322,36.258617961671625,36.258617961671625
t,shoulder_L_abd_raw,shoulder_L_abd_smoothed,shoulder_R_abd_raw,shoulder_R_abd_smoothed
24.34399999998277,30.30522278330322,30.30522278330322,36.258617961671625,36.258617961671625
t,shoulder_L_abd_raw,shoulder_L_abd_smoothed,shoulder_R_abd_raw,shoulder_R_abd_smoothed
24.34399999998277,30.30522278330322,30.30522278330322,36.258617961671625,36.258617961671625
t,shoulder_L_abd_raw,shoulder_L_abd_smoothed,shoulder_R_abd_raw,shoulder_R_abd_smoothed
24.34399999998277,30.30522278330322,30.30522278330322,36.258617961671625,36.258617961671625
t,shoulder_L_abd_raw,shoulder_L_abd_smoothed,shoulder_R_abd_raw,shoulder_R_abd_smoothed
24.34399999998277,30.30522278330322,30.30522278330322,36.258617961671625,36.258617961671625
t,shoulder_L_abd_raw,shoulder_L_abd_smoothed,shoulder_R_abd_raw,shoulder_R_abd_smoothed
24.34399999998277,30.30522278330322,30.30522278330322,36.258617961671625,36.258617961671625
t,elbow_left_raw,elbow_left_smoothed
24.405999999959022,4.535614332830504,5.795497760642775
t,elbow_left_raw,elbow_left_smoothed
24.405999999959022,4.535614332830504,5.795497760642775
t,elbow_left_raw,elbow_left_smoothed
24.45299999997951,4.535614332830504,5.543521075080321
t,elbow_left_raw,elbow_left_smoothed
24.45299999997951,4.535614332830504,5.543521075080321
t,elbow_left_raw,elbow_left_smoothed
24.48499999998603,4.955312596395629,5.425879379343383
t,elbow_left_raw,elbow_left_smoothed
24.48499999998603,4.955312596395629,5.425879379343383
t,elbow_left_raw,elbow_left_smoothed
24.5,4.955312596395629,5.331766022753832
t,elbow_left_raw,elbow_left_smoothed
24.5,4.955312596395629,5.331766022753832
t,shoulder_L_abd_raw,shoulder_L_abd_smoothed,shoulder_R_abd_raw,shoulder_R_abd_smoothed
24.54699999996228,30.576120790705552,30.576120790705552,35.30944079980494,35.30944079980494
t,shoulder_L_abd_raw,shoulder_L_abd_smoothed,shoulder_R_abd_raw,shoulder_R_abd_smoothed
24.54699999996228,30.576120790705552,30.576120790705552,35.30944079980494,35.30944079980494
t,shoulder_L_abd_raw,shoulder_L_abd_smoothed,shoulder_R_abd_raw,shoulder_R_abd_smoothed
24.54699999996228,30.576120790705552,30.576120790705552,35.30944079980494,35.30944079980494
t,shoulder_L_abd_raw,shoulder_L_abd_smoothed,shoulder_R_abd_raw,shoulder_R_abd_smoothed
24.54699999996228,30.576120790705552,30.576120790705552,35.30944079980494,35.30944079980494
t,shoulder_L_abd_raw,shoulder_L_abd_smoothed,shoulder_R_abd_raw,shoulder_R_abd_smoothed
24.54699999996228,30.576120790705552,30.576120790705552,35.30944079980494,35.30944079980494
t,shoulder_L_abd_raw,shoulder_L_abd_smoothed,shoulder_R_abd_raw,shoulder_R_abd_smoothed
24.54699999996228,30.576120790705552,30.576120790705552,35.30944079980494,35.30944079980494
t,shoulder_L_abd_raw,shoulder_L_abd_smoothed,shoulder_R_abd_raw,shoulder_R_abd_smoothed
24.54699999996228,30.576120790705552,30.576120790705552,35.30944079980494,35.30944079980494
t,shoulder_L_abd_raw,shoulder_L_abd_smoothed,shoulder_R_abd_raw,shoulder_R_abd_smoothed
24.54699999996228,30.576120790705552,30.576120790705552,35.30944079980494,35.30944079980494
t,elbow_left_raw,elbow_left_smoothed
24.59399999998277,6.898702516040255,5.645153321411117
t,elbow_left_raw,elbow_left_smoothed
24.59399999998277,6.898702516040255,5.645153321411117
t,elbow_left_raw,elbow_left_smoothed
24.59399999998277,6.898702516040255,5.895863160336945
t,elbow_left_raw,elbow_left_smoothed
24.59399999998277,6.898702516040255,5.895863160336945
t,shoulder_L_abd_raw,shoulder_L_abd_smoothed,shoulder_R_abd_raw,shoulder_R_abd_smoothed
24.655999999959022,31.062232817925732,31.062232817925732,35.04342181763458,35.04342181763458
t,shoulder_L_abd_raw,shoulder_L_abd_smoothed,shoulder_R_abd_raw,shoulder_R_abd_smoothed
24.655999999959022,31.062232817925732,31.062232817925732,35.04342181763458,35.04342181763458
t,shoulder_L_abd_raw,shoulder_L_abd_smoothed,shoulder_R_abd_raw,shoulder_R_abd_smoothed
24.655999999959022,31.062232817925732,31.062232817925732,35.04342181763458,35.04342181763458
t,shoulder_L_abd_raw,shoulder_L_abd_smoothed,shoulder_R_abd_raw,shoulder_R_abd_smoothed
24.655999999959022,31.062232817925732,31.062232817925732,35.04342181763458,35.04342181763458
t,shoulder_L_abd_raw,shoulder_L_abd_smoothed,shoulder_R_abd_raw,shoulder_R_abd_smoothed
24.655999999959022,31.062232817925732,31.062232817925732,35.04342181763458,35.04342181763458
t,shoulder_L_abd_raw,shoulder_L_abd_smoothed,shoulder_R_abd_raw,shoulder_R_abd_smoothed
24.655999999959022,31.062232817925732,31.062232817925732,35.04342181763458,35.04342181763458
t,shoulder_L_abd_raw,shoulder_L_abd_smoothed,shoulder_R_abd_raw,shoulder_R_abd_smoothed
24.655999999959022,31.062232817925732,31.062232817925732,35.04342181763458,35.04342181763458
t,shoulder_L_abd_raw,shoulder_L_abd_smoothed,shoulder_R_abd_raw,shoulder_R_abd_smoothed
24.655999999959022,31.062232817925732,31.062232817925732,35.04342181763458,35.04342181763458
t,shoulder_L_abd_raw,shoulder_L_abd_smoothed,shoulder_R_abd_raw,shoulder_R_abd_smoothed
24.70299999997951,31.062232817925732,31.062232817925732,35.04342181763458,35.04342181763458
t,shoulder_L_abd_raw,shoulder_L_abd_smoothed,shoulder_R_abd_raw,shoulder_R_abd_smoothed
24.70299999997951,31.062232817925732,31.062232817925732,35.04342181763458,35.04342181763458
t,shoulder_L_abd_raw,shoulder_L_abd_smoothed,shoulder_R_abd_raw,shoulder_R_abd_smoothed
24.70299999997951,31.062232817925732,31.062232817925732,35.04342181763458,35.04342181763458
t,shoulder_L_abd_raw,shoulder_L_abd_smoothed,shoulder_R_abd_raw,shoulder_R_abd_smoothed
24.70299999997951,31.062232817925732,31.062232817925732,35.04342181763458,35.04342181763458
t,elbow_left_raw,elbow_left_smoothed
24.76600000000326,7.138749759108185,6.144440480091193
t,elbow_left_raw,elbow_left_smoothed
24.76600000000326,7.138749759108185,6.144440480091193
t,elbow_left_raw,elbow_left_smoothed
24.81299999996554,5.766499794807412,6.068852343034437
t,elbow_left_raw,elbow_left_smoothed
24.81299999996554,5.766499794807412,6.068852343034437
t,elbow_left_raw,elbow_left_smoothed
24.82799999997951,5.766499794807412,6.008381833389032
t,elbow_left_raw,elbow_left_smoothed
24.82799999997951,5.766499794807412,6.008381833389032
t,elbow_left_raw,elbow_left_smoothed
24.875,5.587880065760677,5.924281479863362
t,elbow_left_raw,elbow_left_smoothed
24.875,5.587880065760677,5.924281479863362
t,elbow_left_raw,elbow_left_smoothed
24.93799999996554,5.587880065760677,5.857001197042825
t,elbow_left_raw,elbow_left_smoothed
24.93799999996554,5.587880065760677,5.857001197042825
t,elbow_left_raw,elbow_left_smoothed
24.93799999996554,6.482316837603031,5.982064325154866
t,elbow_left_raw,elbow_left_smoothed
24.93799999996554,6.482316837603031,5.982064325154866
t,elbow_left_raw,elbow_left_smoothed
24.98499999998603,6.482316837603031,6.082114827644499
t,elbow_left_raw,elbow_left_smoothed
24.98499999998603,6.482316837603031,6.082114827644499
t,elbow_left_raw,elbow_left_smoothed
24.98499999998603,5.991520868585097,6.06399603583262
t,elbow_left_raw,elbow_left_smoothed
24.98499999998603,5.991520868585097,6.06399603583262
t,elbow_left_raw,elbow_left_smoothed
25.030999999959022,5.991520868585097,6.049501002383116
t,elbow_left_raw,elbow_left_smoothed
25.030999999959022,5.991520868585097,6.049501002383116
t,elbow_left_raw,elbow_left_smoothed
25.07799999997951,6.900180823789021,6.219636966664297
t,elbow_left_raw,elbow_left_smoothed
25.07799999997951,6.900180823789021,6.219636966664297
t,elbow_left_raw,elbow_left_smoothed
25.09399999998277,6.900180823789021,6.355745738089243
t,elbow_left_raw,elbow_left_smoothed
25.09399999998277,6.900180823789021,6.355745738089243
t,elbow_left_raw,elbow_left_smoothed
25.125,6.900180823789021,6.464632755229199
t,elbow_left_raw,elbow_left_smoothed
25.125,6.900180823789021,6.464632755229199
t,elbow_left_raw,elbow_left_smoothed
25.14100000000326,5.798497537004531,6.3314057115842655
t,elbow_left_raw,elbow_left_smoothed
25.14100000000326,5.798497537004531,6.3314057115842655
t,elbow_left_raw,elbow_left_smoothed
25.18799999996554,5.870090660863118,6.239142701440036
t,elbow_left_raw,elbow_left_smoothed
25.18799999996554,5.870090660863118,6.239142701440036
t,elbow_left_raw,elbow_left_smoothed
25.23499999998603,5.870090660863118,6.165332293324653
t,elbow_left_raw,elbow_left_smoothed
25.23499999998603,5.870090660863118,6.165332293324653
t,elbow_left_raw,elbow_left_smoothed
25.23499999998603,5.411857925444391,6.014637419748601
t,elbow_left_raw,elbow_left_smoothed
25.23499999998603,5.411857925444391,6.014637419748601
t,elbow_left_raw,elbow_left_smoothed
25.280999999959022,5.411857925444391,5.894081520887759
t,elbow_left_raw,elbow_left_smoothed
25.280999999959022,5.411857925444391,5.894081520887759
t,elbow_left_raw,elbow_left_smoothed
25.32799999997951,5.5151944898386445,5.818304114677936
t,elbow_left_raw,elbow_left_smoothed
25.32799999997951,5.5151944898386445,5.818304114677936
t,elbow_left_raw,elbow_left_smoothed
25.34399999998277,5.5151944898386445,5.757682189710078
t,elbow_left_raw,elbow_left_smoothed
25.34399999998277,5.5151944898386445,5.757682189710078
t,shoulder_L_abd_raw,shoulder_L_abd_smoothed
25.39100000000326,31.363773333849103,31.363773333849103
t,shoulder_L_abd_raw,shoulder_L_abd_smoothed
25.39100000000326,31.363773333849103,31.363773333849103
t,shoulder_L_abd_raw,shoulder_L_abd_smoothed
25.43799999996554,31.363773333849103,31.363773333849103
t,shoulder_L_abd_raw,shoulder_L_abd_smoothed
25.43799999996554,31.363773333849103,31.363773333849103
t,elbow_left_raw,elbow_left_smoothed
25.48499999998603,5.870758460175254,5.780297443803113
t,elbow_left_raw,elbow_left_smoothed
25.48499999998603,5.870758460175254,5.780297443803113
t,elbow_left_raw,elbow_left_smoothed
25.54699999996228,5.870758460175254,5.798389647077542
t,elbow_left_raw,elbow_left_smoothed
25.54699999996228,5.870758460175254,5.798389647077542
t,elbow_left_raw,elbow_left_smoothed
25.54699999996228,5.870758460175254,5.812863409697084
t,elbow_left_raw,elbow_left_smoothed
25.54699999996228,5.870758460175254,5.812863409697084
t,elbow_left_raw,elbow_left_smoothed
25.59399999998277,5.75646414883012,5.801583557523692
t,elbow_left_raw,elbow_left_smoothed
25.59399999998277,5.75646414883012,5.801583557523692
t,elbow_left_raw,elbow_left_smoothed
25.64100000000326,5.875897981651496,5.816446442349253
t,elbow_left_raw,elbow_left_smoothed
25.64100000000326,5.875897981651496,5.816446442349253
t,elbow_left_raw,elbow_left_smoothed
25.68799999996554,5.875897981651496,5.8283367502097025
t,elbow_left_raw,elbow_left_smoothed
25.68799999996554,5.875897981651496,5.8283367502097025
t,elbow_left_raw,elbow_left_smoothed
25.68799999996554,6.25664374970253,5.913998150108268
t,elbow_left_raw,elbow_left_smoothed
25.68799999996554,6.25664374970253,5.913998150108268
t,elbow_left_raw,elbow_left_smoothed
25.75,6.25664374970253,5.982527270027121
t,elbow_left_raw,elbow_left_smoothed
25.75,6.25664374970253,5.982527270027121
t,elbow_left_raw,elbow_left_smoothed
25.79699999996228,7.902216417479312,6.366465099517559
t,elbow_left_raw,elbow_left_smoothed
25.79699999996228,7.902216417479312,6.366465099517559
t,elbow_left_raw,elbow_left_smoothed
25.79699999996228,7.902216417479312,6.67361536310991
t,elbow_left_raw,elbow_left_smoothed
25.79699999996228,7.902216417479312,6.67361536310991
t,elbow_left_raw,elbow_left_smoothed
25.84399999998277,6.078799447630113,6.554652180013951
t,elbow_left_raw,elbow_left_smoothed
25.84399999998277,6.078799447630113,6.554652180013951
t,elbow_left_raw,elbow_left_smoothed
25.85999999998603,6.078799447630113,6.459481633537184
t,elbow_left_raw,elbow_left_smoothed
25.85999999998603,6.078799447630113,6.459481633537184
t,elbow_left_raw,elbow_left_smoothed
25.905999999959022,6.2693221475926695,6.421449736348281
t,elbow_left_raw,elbow_left_smoothed
25.905999999959022,6.2693221475926695,6.421449736348281
t,elbow_left_raw,elbow_left_smoothed
25.95299999997951,6.2693221475926695,6.391024218597159
t,elbow_left_raw,elbow_left_smoothed
25.95299999997951,6.2693221475926695,6.391024218597159
t,elbow_left_raw,elbow_left_smoothed
25.95299999997951,6.2693221475926695,6.366683804396261
t,elbow_left_raw,elbow_left_smoothed
25.95299999997951,6.2693221475926695,6.366683804396261
t,elbow_left_raw,elbow_left_smoothed
26.0,6.28303612482882,6.349954268482773
t,elbow_left_raw,elbow_left_smoothed
26.0,6.28303612482882,6.349954268482773
t,elbow_left_raw,elbow_left_smoothed
26.04699999996228,7.586566590931102,6.597276732972439
t,elbow_left_raw,elbow_left_smoothed
26.04699999996228,7.586566590931102,6.597276732972439
t,elbow_left_raw,elbow_left_smoothed
26.04699999996228,7.586566590931102,6.7951347045641715
t,elbow_left_raw,elbow_left_smoothed
26.04699999996228,7.586566590931102,6.7951347045641715
t,elbow_left_raw,elbow_left_smoothed
26.09399999998277,6.1330917693823475,6.662726117527807
t,elbow_left_raw,elbow_left_smoothed
26.09399999998277,6.1330917693823475,6.662726117527807
t,elbow_left_raw,elbow_left_smoothed
26.155999999959022,6.1330917693823475,6.556799247898716
t,elbow_left_raw,elbow_left_smoothed
26.155999999959022,6.1330917693823475,6.556799247898716
t,elbow_left_raw,elbow_left_smoothed
26.155999999959022,6.212744909755461,6.487988380270065
t,elbow_left_raw,elbow_left_smoothed
26.155999999959022,6.212744909755461,6.487988380270065
t,elbow_left_raw,elbow_left_smoothed
26.20299999997951,6.212744909755461,6.432939686167145
t,elbow_left_raw,elbow_left_smoothed
26.20299999997951,6.212744909755461,6.432939686167145
t,elbow_left_raw,elbow_left_smoothed
26.20299999997951,5.6876159281020024,6.283874934554117
t,elbow_left_raw,elbow_left_smoothed
26.20299999997951,5.6876159281020024,6.283874934554117
t,elbow_left_raw,elbow_left_smoothed
26.26600000000326,5.6876159281020024,6.164623133263694
t,elbow_left_raw,elbow_left_smoothed
26.26600000000326,5.6876159281020024,6.164623133263694
t,elbow_left_raw,elbow_left_smoothed
26.31299999996554,5.6876159281020024,6.069221692231356
t,elbow_left_raw,elbow_left_smoothed
26.31299999996554,5.6876159281020024,6.069221692231356
t,elbow_left_raw,elbow_left_smoothed
26.31299999996554,4.611124028348177,5.777602159454721
t,elbow_left_raw,elbow_left_smoothed
26.31299999996554,4.611124028348177,5.777602159454721
t,elbow_left_raw,elbow_left_smoothed
26.35999999998603,4.611124028348177,5.544306533233413
t,elbow_left_raw,elbow_left_smoothed
26.35999999998603,4.611124028348177,5.544306533233413
t,elbow_left_raw,elbow_left_smoothed
26.405999999959022,5.957924297090775,5.627030086004885
t,elbow_left_raw,elbow_left_smoothed
26.405999999959022,5.957924297090775,5.627030086004885
t,elbow_left_raw,elbow_left_smoothed
26.45299999997951,6.149085492770134,5.731441167357936
t,elbow_left_raw,elbow_left_smoothed
26.45299999997951,6.149085492770134,5.731441167357936
t,elbow_left_raw,elbow_left_smoothed
26.45299999997951,6.149085492770134,5.8149700324403755
t,elbow_left_raw,elbow_left_smoothed
26.45299999997951,6.149085492770134,5.8149700324403755
t,elbow_left_raw,elbow_left_smoothed
26.5,5.866115688603064,5.825199163672913
t,elbow_left_raw,elbow_left_smoothed
26.5,5.866115688603064,5.825199163672913
t,elbow_left_raw,elbow_left_smoothed
26.54699999996228,5.866115688603064,5.833382468658943
t,elbow_left_raw,elbow_left_smoothed
26.54699999996228,5.866115688603064,5.833382468658943
t,elbow_left_raw,elbow_left_smoothed
26.54699999996228,6.210030432570982,5.908712061441351
t,elbow_left_raw,elbow_left_smoothed
26.54699999996228,6.210030432570982,5.908712061441351
t,elbow_left_raw,elbow_left_smoothed
26.59399999998277,6.210030432570982,5.968975735667278
t,elbow_left_raw,elbow_left_smoothed
26.59399999998277,6.210030432570982,5.968975735667278
t,elbow_left_raw,elbow_left_smoothed
26.60999999998603,5.006172663704804,5.776415121274783
t,elbow_left_raw,elbow_left_smoothed
26.60999999998603,5.006172663704804,5.776415121274783
t,elbow_left_raw,elbow_left_smoothed
26.64100000000326,5.006172663704804,5.622366629760788
t,elbow_left_raw,elbow_left_smoothed
26.64100000000326,5.006172663704804,5.622366629760788
t,elbow_left_raw,elbow_left_smoothed
26.655999999959022,5.006172663704804,5.499127836549591
t,elbow_left_raw,elbow_left_smoothed
26.655999999959022,5.006172663704804,5.499127836549591
t,elbow_left_raw,elbow_left_smoothed
26.70299999997951,5.358841471235953,5.4710705634868635
t,elbow_left_raw,elbow_left_smoothed
26.70299999997951,5.358841471235953,5.4710705634868635
t,elbow_left_raw,elbow_left_smoothed
26.75,5.358841471235953,5.448624745036682
t,elbow_left_raw,elbow_left_smoothed
26.75,5.358841471235953,5.448624745036682
t,elbow_left_raw,elbow_left_smoothed
26.75,5.958977046697653,5.550695205368877
t,elbow_left_raw,elbow_left_smoothed
26.75,5.958977046697653,5.550695205368877
t,elbow_left_raw,elbow_left_smoothed
26.81299999996554,5.1205542715918515,5.464667018613472
t,elbow_left_raw,elbow_left_smoothed
26.81299999996554,5.1205542715918515,5.464667018613472
t,elbow_left_raw,elbow_left_smoothed
26.81299999996554,5.1205542715918515,5.395844469209148
t,elbow_left_raw,elbow_left_smoothed
26.81299999996554,5.1205542715918515,5.395844469209148
t,shoulder_R_abd_raw,shoulder_R_abd_smoothed
26.905999999959022,34.07423135106182,34.07423135106182
t,shoulder_R_abd_raw,shoulder_R_abd_smoothed
26.905999999959022,34.07423135106182,34.07423135106182
t,shoulder_R_abd_raw,shoulder_R_abd_smoothed
26.95299999997951,34.07423135106182,34.07423135106182
t,shoulder_R_abd_raw,shoulder_R_abd_smoothed
26.95299999997951,34.07423135106182,34.07423135106182
t,elbow_left_raw,elbow_left_smoothed
27.0,5.8594290097251935,5.488561377312358
t,elbow_left_raw,elbow_left_smoothed
27.0,5.8594290097251935,5.488561377312358
t,elbow_left_raw,elbow_left_smoothed
27.01600000000326,5.8594290097251935,5.562734903794926
t,elbow_left_raw,elbow_left_smoothed
27.01600000000326,5.8594290097251935,5.562734903794926
t,elbow_left_raw,elbow_left_smoothed
27.06299999996554,5.8594290097251935,5.62207372498098
t,elbow_left_raw,elbow_left_smoothed
27.06299999996554,5.8594290097251935,5.62207372498098
t,elbow_left_raw,elbow_left_smoothed
27.07799999997951,5.873228659728232,5.67230471193043
t,elbow_left_raw,elbow_left_smoothed
27.07799999997951,5.873228659728232,5.67230471193043
t,elbow_left_raw,elbow_left_smoothed
27.125,5.873228659728232,5.712489501489991
t,elbow_left_raw,elbow_left_smoothed
27.125,5.873228659728232,5.712489501489991
t,elbow_left_raw,elbow_left_smoothed
27.125,6.336142236917792,5.837220048575551
t,elbow_left_raw,elbow_left_smoothed
27.125,6.336142236917792,5.837220048575551
t,shoulder_R_abd_raw,shoulder_R_abd_smoothed
27.17199999996228,34.70099077553074,34.70099077553074
t,shoulder_R_abd_raw,shoulder_R_abd_smoothed
27.17199999996228,34.70099077553074,34.70099077553074
t,shoulder_R_abd_raw,shoulder_R_abd_smoothed
27.18799999996554,34.70099077553074,34.70099077553074
t,shoulder_R_abd_raw,shoulder_R_abd_smoothed
27.18799999996554,34.70099077553074,34.70099077553074
t,elbow_left_raw,elbow_left_smoothed
27.23499999998603,6.207441108980486,5.911264260656538
t,elbow_left_raw,elbow_left_smoothed
27.23499999998603,6.207441108980486,5.911264260656538
t,elbow_left_raw,elbow_left_smoothed
27.280999999959022,6.207441108980486,5.970499630321328
t,elbow_left_raw,elbow_left_smoothed
27.280999999959022,6.207441108980486,5.970499630321328
t,shoulder_R_abd_raw,shoulder_R_abd_smoothed
27.280999999959022,35.138643123982035,35.138643123982035
t,shoulder_R_abd_raw,shoulder_R_abd_smoothed
27.280999999959022,35.138643123982035,35.138643123982035
t,shoulder_R_abd_raw,shoulder_R_abd_smoothed
27.32799999997951,35.138643123982035,35.138643123982035
t,shoulder_R_abd_raw,shoulder_R_abd_smoothed
27.32799999997951,35.138643123982035,35.138643123982035
t,shoulder_R_abd_raw,shoulder_R_abd_smoothed
27.375,35.138643123982035,35.138643123982035
t,shoulder_R_abd_raw,shoulder_R_abd_smoothed
27.375,35.138643123982035,35.138643123982035
t,elbow_left_raw,elbow_left_smoothed
27.43799999996554,5.659046426674598,5.908208989591982
t,elbow_left_raw,elbow_left_smoothed
27.43799999996554,5.659046426674598,5.908208989591982
t,elbow_left_raw,elbow_left_smoothed
27.43799999996554,5.659046426674598,5.858376477008505
t,elbow_left_raw,elbow_left_smoothed
27.43799999996554,5.659046426674598,5.858376477008505
t,elbow_left_raw,elbow_left_smoothed
27.48499999998603,6.471478399143481,5.980996861435501
t,elbow_left_raw,elbow_left_smoothed
27.48499999998603,6.471478399143481,5.980996861435501
t,elbow_left_raw,elbow_left_smoothed
27.5,6.471478399143481,6.0790931689770975
t,elbow_left_raw,elbow_left_smoothed
27.5,6.471478399143481,6.0790931689770975
t,elbow_left_raw,elbow_left_smoothed
27.54699999996228,5.419782066091785,5.947230948400035
t,elbow_left_raw,elbow_left_smoothed
27.54699999996228,5.419782066091785,5.947230948400035
t,elbow_left_raw,elbow_left_smoothed
27.59399999998277,6.278447295566543,6.013474217833337
t,elbow_left_raw,elbow_left_smoothed
27.59399999998277,6.278447295566543,6.013474217833337
t,elbow_left_raw,elbow_left_smoothed
27.655999999959022,6.278447295566543,6.066468833379978
t,elbow_left_raw,elbow_left_smoothed
27.655999999959022,6.278447295566543,6.066468833379978
t,elbow_left_raw,elbow_left_smoothed
27.655999999959022,5.227122329929633,5.89859953268991
t,elbow_left_raw,elbow_left_smoothed
27.655999999959022,5.227122329929633,5.89859953268991
t,elbow_left_raw,elbow_left_smoothed
27.70299999997951,5.227122329929633,5.764304092137855
t,elbow_left_raw,elbow_left_smoothed
27.70299999997951,5.227122329929633,5.764304092137855
t,elbow_left_raw,elbow_left_smoothed
27.75,5.0476028385600005,5.6209638414222844
t,elbow_left_raw,elbow_left_smoothed
27.75,5.0476028385600005,5.6209638414222844
t,elbow_left_raw,elbow_left_smoothed
27.75,5.0476028385600005,5.506291640849828
t,elbow_left_raw,elbow_left_smoothed
27.75,5.0476028385600005,5.506291640849828
t,elbow_left_raw,elbow_left_smoothed
27.79699999996228,5.0476028385600005,5.414553880391863
t,elbow_left_raw,elbow_left_smoothed
27.79699999996228,5.0476028385600005,5.414553880391863
t,elbow_left_raw,elbow_left_smoothed
27.79699999996228,5.073619794352877,5.346367063184067
t,elbow_left_raw,elbow_left_smoothed
27.79699999996228,5.073619794352877,5.346367063184067
t,elbow_left_raw,elbow_left_smoothed
27.81299999996554,5.073619794352877,5.291817609417828
t,elbow_left_raw,elbow_left_smoothed
27.81299999996554,5.073619794352877,5.291817609417828
t,elbow_left_raw,elbow_left_smoothed
27.84399999998277,6.416768333777963,5.5168077542898555
t,elbow_left_raw,elbow_left_smoothed
27.84399999998277,6.416768333777963,5.5168077542898555
t,elbow_left_raw,elbow_left_smoothed
27.905999999959022,6.416768333777963,5.696799870187477
t,elbow_left_raw,elbow_left_smoothed
27.905999999959022,6.416768333777963,5.696799870187477
t,elbow_left_raw,elbow_left_smoothed
27.96899999998277,6.2733863461469825,5.812117165379378
t,elbow_left_raw,elbow_left_smoothed
27.96899999998277,6.2733863461469825,5.812117165379378
t,elbow_left_raw,elbow_left_smoothed
27.96899999998277,6.2733863461469825,5.904371001532899
t,elbow_left_raw,elbow_left_smoothed
27.96899999998277,6.2733863461469825,5.904371001532899
t,elbow_left_raw,elbow_left_smoothed
28.01600000000326,5.622669273353753,5.8480306558970705
t,elbow_left_raw,elbow_left_smoothed
28.01600000000326,5.622669273353753,5.8480306558970705
t,elbow_left_raw,elbow_left_smoothed
28.07799999997951,5.622669273353753,5.802958379388407
t,elbow_left_raw,elbow_left_smoothed
28.07799999997951,5.622669273353753,5.802958379388407
t,elbow_left_raw,elbow_left_smoothed
28.07799999997951,6.654991724592435,5.973365048429213
t,elbow_left_raw,elbow_left_smoothed
28.07799999997951,6.654991724592435,5.973365048429213
t,elbow_left_raw,elbow_left_smoothed
28.125,6.654991724592435,6.1096903836618575
t,elbow_left_raw,elbow_left_smoothed
28.125,6.654991724592435,6.1096903836618575
t,elbow_left_raw,elbow_left_smoothed
28.125,6.654991724592435,6.218750651847973
t,elbow_left_raw,elbow_left_smoothed
28.125,6.654991724592435,6.218750651847973
t,elbow_left_raw,elbow_left_smoothed
28.17199999996228,6.873494338698934,6.3496993892181655
t,elbow_left_raw,elbow_left_smoothed
28.17199999996228,6.873494338698934,6.3496993892181655
t,elbow_left_raw,elbow_left_smoothed
28.18799999996554,6.873494338698934,6.45445837911432
t,elbow_left_raw,elbow_left_smoothed
28.18799999996554,6.873494338698934,6.45445837911432
t,elbow_left_raw,elbow_left_smoothed
28.23499999998603,7.3635656436253925,6.636279832016535
t,elbow_left_raw,elbow_left_smoothed
28.23499999998603,7.3635656436253925,6.636279832016535
t,elbow_left_raw,elbow_left_smoothed
28.25,7.3635656436253925,6.781736994338306
t,elbow_left_raw,elbow_left_smoothed
28.25,7.3635656436253925,6.781736994338306
t,elbow_left_raw,elbow_left_smoothed
28.29699999996228,6.11445990841132,6.648281577152909
t,elbow_left_raw,elbow_left_smoothed
28.29699999996228,6.11445990841132,6.648281577152909
t,elbow_left_raw,elbow_left_smoothed
28.34399999998277,6.4944055202258335,6.617506365767495
t,elbow_left_raw,elbow_left_smoothed
28.34399999998277,6.4944055202258335,6.617506365767495
t,elbow_left_raw,elbow_left_smoothed
28.39100000000326,6.4944055202258335,6.592886196659164
t,elbow_left_raw,elbow_left_smoothed
28.39100000000326,6.4944055202258335,6.592886196659164
t,elbow_left_raw,elbow_left_smoothed
28.39100000000326,6.319720361870287,6.538253029701389
t,elbow_left_raw,elbow_left_smoothed
28.39100000000326,6.319720361870287,6.538253029701389
t,elbow_left_raw,elbow_left_smoothed
28.45299999997951,6.319720361870287,6.494546496135169
t,elbow_left_raw,elbow_left_smoothed
28.45299999997951,6.319720361870287,6.494546496135169
t,elbow_left_raw,elbow_left_smoothed
28.45299999997951,6.319720361870287,6.459581269282193
t,elbow_left_raw,elbow_left_smoothed
28.45299999997951,6.319720361870287,6.459581269282193
t,elbow_left_raw,elbow_left_smoothed
28.5,5.8918553373745235,6.3460360829006595
t,elbow_left_raw,elbow_left_smoothed
28.5,5.8918553373745235,6.3460360829006595
t,elbow_left_raw,elbow_left_smoothed
28.51600000000326,5.8918553373745235,6.255199933795433
t,elbow_left_raw,elbow_left_smoothed
28.51600000000326,5.8918553373745235,6.255199933795433
t,elbow_left_raw,elbow_left_smoothed
28.56299999996554,5.751081947686605,6.154376336573668
t,elbow_left_raw,elbow_left_smoothed
28.56299999996554,5.751081947686605,6.154376336573668
t,elbow_left_raw,elbow_left_smoothed
28.60999999998603,5.751081947686605,6.0737174587962555
t,elbow_left_raw,elbow_left_smoothed
28.60999999998603,5.751081947686605,6.0737174587962555
t,elbow_left_raw,elbow_left_smoothed
28.60999999998603,5.597516725751689,5.9784773121873425
t,elbow_left_raw,elbow_left_smoothed
28.60999999998603,5.597516725751689,5.9784773121873425
t,elbow_left_raw,elbow_left_smoothed
28.67199999996228,5.597516725751689,5.9022851949002115
t,elbow_left_raw,elbow_left_smoothed
28.67199999996228,5.597516725751689,5.9022851949002115
t,elbow_left_raw,elbow_left_smoothed
28.73499999998603,5.5481070165904836,5.8314495592382665
t,elbow_left_raw,elbow_left_smoothed
28.73499999998603,5.5481070165904836,5.8314495592382665
t,elbow_left_raw,elbow_left_smoothed
28.73499999998603,5.5481070165904836,5.77478105070871
t,elbow_left_raw,elbow_left_smoothed
28.73499999998603,5.5481070165904836,5.77478105070871
t,elbow_left_raw,elbow_left_smoothed
28.780999999959022,5.610665967068284,5.741958033980625
t,elbow_left_raw,elbow_left_smoothed
28.780999999959022,5.610665967068284,5.741958033980625
t,elbow_left_raw,elbow_left_smoothed
28.79699999996228,5.610665967068284,5.715699620598157
t,elbow_left_raw,elbow_left_smoothed
28.79699999996228,5.610665967068284,5.715699620598157
t,elbow_left_raw,elbow_left_smoothed
28.84399999998277,5.610665967068284,5.694692889892183
t,elbow_left_raw,elbow_left_smoothed
28.84399999998277,5.610665967068284,5.694692889892183
t,elbow_left_raw,elbow_left_smoothed
28.84399999998277,4.172182064664944,5.390190724846736
t,elbow_left_raw,elbow_left_smoothed
28.84399999998277,4.172182064664944,5.390190724846736
t,elbow_left_raw,elbow_left_smoothed
28.89100000000326,4.172182064664944,5.146588992810377
t,elbow_left_raw,elbow_left_smoothed
28.89100000000326,4.172182064664944,5.146588992810377
t,elbow_left_raw,elbow_left_smoothed
28.93799999996554,5.143842298398393,5.146039653927981
t,elbow_left_raw,elbow_left_smoothed
28.93799999996554,5.143842298398393,5.146039653927981
t,elbow_left_raw,elbow_left_smoothed
29.0,5.143842298398393,5.145600182822064
t,elbow_left_raw,elbow_left_smoothed
29.0,5.143842298398393,5.145600182822064
t,elbow_left_raw,elbow_left_smoothed
29.0,4.894209059127827,5.0953219580832165
t,elbow_left_raw,elbow_left_smoothed
29.0,4.894209059127827,5.0953219580832165
t,elbow_left_raw,elbow_left_smoothed
29.04699999996228,4.894209059127827,5.055099378292139
t,elbow_left_raw,elbow_left_smoothed
29.04699999996228,4.894209059127827,5.055099378292139
t,elbow_left_raw,elbow_left_smoothed
29.09399999998277,5.798260913240507,5.203731685281813
t,elbow_left_raw,elbow_left_smoothed
29.09399999998277,5.798260913240507,5.203731685281813
t,elbow_left_raw,elbow_left_smoothed
29.14100000000326,6.036859995104903,5.370357347246431
t,elbow_left_raw,elbow_left_smoothed
29.14100000000326,6.036859995104903,5.370357347246431
